SALE TYPE,SOLD DATE,PROPERTY TYPE,ADDRESS,CITY,STATE,ZIP,PRICE,BEDS,BATHS,LOCATION,SQUARE FEET,LOT SIZE,YEAR BUILT,DAYS ON MARKET,$/SQUARE FEET,HOA/MONTH,STATUS,NEXT OPEN HOUSE START TIME,NEXT OPEN HOUSE END TIME,URL (SEE http://www.redfin.com/buy-a-home/comparative-market-analysis FOR INFO ON PRICING),SOURCE,MLS#,FAVORITE,INTERESTED,LATITUDE,LONGITUDE
MLS Listing,,Condo/Co-op,5044 N Marine Dr Unit C1,CHICAGO,IL,60640,75000,1,1.0,Uptown,,81075,1939,31,,569,Active,,,http://www.redfin.com/IL/Chicago/5044-N-Marine-Dr-60640/unit-C1/home/13399687,MRED,10104518,N,Y,41.974803,-87.6521957
MLS Listing,,Multi-Family (2-4 Unit),8209 S Coles Ave,CHICAGO,IL,60617,79900,4,2.0,South Chicago,,3049,,1,,,Active,,,http://www.redfin.com/IL/Chicago/8209-S-Coles-Ave-60617/home/13213561,MRED,10130732,N,Y,41.7461656,-87.5488661
MLS Listing,,Vacant Land,3403 S Ashland Ave,CHICAGO,IL,60608,95000,,,McKinley Park,,3049,,1,,,Active,,,http://www.redfin.com/IL/Chicago/3403-S-Ashland-Ave-60608/home/104060339,MRED,10130681,N,Y,41.832151,-87.665182
MLS Listing,,Single Family Residential,10038 S Emerald Ave,CHICAGO,IL,60628,95000,2,1.0,Washington Heights,1581,3624,1923,1,60,,Active,,,http://www.redfin.com/IL/Chicago/10038-S-Emerald-Ave-60628/home/13091244,MRED,10130520,N,Y,41.7112435,-87.641984
MLS Listing,,Multi-Family (2-4 Unit),8524 S BUFFALO Ave,CHICAGO,IL,60617,94900,6,2.0,South Chicago,,3049,1885,1,,,Active,,,http://www.redfin.com/IL/Chicago/8524-S-Buffalo-Ave-60617/unit-1/home/13211398,MRED,10130353,N,Y,41.7403731,-87.5445257
MLS Listing,,Condo/Co-op,4855 N Springfield Ave Unit 3849-G,CHICAGO,IL,60625,99900,2,1.0,Albany Park,895,,,1,112,188,Active,,,http://www.redfin.com/IL/Chicago/4855-N-Springfield-Ave-60625/unit-3849-G/home/105386012,MRED,10130338,N,Y,41.9699645,-87.7252673
MLS Listing,,Condo/Co-op,7427 N Ridge Blvd Unit LGF,CHICAGO,IL,60645,99000,1,1.0,Rogers Park,900,,1962,1,110,254,Active,,,http://www.redfin.com/IL/Chicago/7427-N-Ridge-Blvd-60645/unit-LGF/home/12756085,MRED,10123095,N,Y,42.016833,-87.6838975
MLS Listing,,Single Family Residential,10038 S Avenue M,CHICAGO,IL,60617,89900,3,1.0,East Side,1012,3123,1870,1,89,,Active,,,http://www.redfin.com/IL/Chicago/10038-S-Ave-M-60617/home/13039098,MRED,10121754,N,Y,41.7126809,-87.5379278
MLS Listing,,Single Family Residential,7827 S Ingleside Ave,CHICAGO,IL,60619,89900,3,2.0,Greater Grand Crossing,1600,3624,1893,1,56,,Active,,,http://www.redfin.com/IL/Chicago/7827-S-Ingleside-Ave-60619/unit-1/home/13920844,MRED,10129913,N,Y,41.7523327,-87.6012144
MLS Listing,,Condo/Co-op,5530 S Shore Dr Unit 8C,CHICAGO,IL,60637,99000,2,2.0,Hyde Park,1200,,1949,1,83,993,Active,,,http://www.redfin.com/IL/Chicago/5530-S-Shore-Dr-60637/unit-8C/home/147181953,MRED,10129836,N,Y,41.7942808,-87.5807885
MLS Listing,,Multi-Family (2-4 Unit),8509 S State St,CHICAGO,IL,60619,89900,8,4.0,Chatham,,4791,1962,1,,,Active,,,http://www.redfin.com/IL/Chicago/8509-S-State-St-60619/home/13225965,MRED,10129786,N,Y,41.7396239,-87.6239212
MLS Listing,,Single Family Residential,8152 S Campbell Ave,CHICAGO,IL,60652,100000,2,2.0,Ashburn,1273,3750,1943,2,79,,Active,,,http://www.redfin.com/IL/Chicago/8152-S-Campbell-Ave-60652/home/13964094,MRED,10129503,N,Y,41.7448992,-87.6854827
MLS Listing,,Condo/Co-op,5000 N MARINE Dr Unit 5B,CHICAGO,IL,60640,75000,1,1.0,Uptown,,,1923,2,,1367,Active,,,http://www.redfin.com/IL/Chicago/5000-N-Marine-Dr-60640/unit-5B/home/17162664,MRED,10129284,N,Y,41.9736041,-87.6516775
MLS Listing,,Condo/Co-op,4258 W Lawrence Ave Unit 3E,CHICAGO,IL,60630,99000,1,1.0,Albany Park,700,800,1965,3,141,226,Active,,,http://www.redfin.com/IL/Chicago/4258-W-Lawrence-Ave-60630/unit-3E/home/18940174,MRED,10129152,N,Y,41.968424,-87.735199
MLS Listing,,Single Family Residential,10630 S Avenue N,CHICAGO,IL,60617,99000,3,1.0,East Side,987,4750,1939,3,100,,Active,,,http://www.redfin.com/IL/Chicago/10630-S-Ave-N-60617/home/13037546,MRED,10128837,N,Y,41.7017833,-87.5391798
MLS Listing,,Condo/Co-op,7220 N Claremont Ave Unit 1B,CHICAGO,IL,60645,84999,1,1.0,West Ridge,,3243,,3,,250,Active,,,http://www.redfin.com/IL/Chicago/7220-N-Claremont-Ave-60645/unit-1B/home/145680656,MRED,10128461,N,Y,42.013145,-87.689263
MLS Listing,,Multi-Family (2-4 Unit),8132 S Escanaba Ave,CHICAGO,IL,60617,100000,5,3.0,South Chicago,,3049,1885,3,,,Active,,,http://www.redfin.com/IL/Chicago/8132-S-Escanaba-Ave-60617/home/13214380,MRED,10128418,N,Y,41.7472326,-87.5542733
MLS Listing,,Condo/Co-op,6101 N SHERIDAN Rd Unit 2G,CHICAGO,IL,60660,90000,1,1.0,Edgewater,,,1927,3,,509,Active,,,http://www.redfin.com/IL/Chicago/6101-N-Sheridan-Rd-60660/unit-2G/home/13412544,MRED,10128232,N,Y,41.9925374,-87.6550881
MLS Listing,,Single Family Residential,8235 S HERMITAGE Ave,CHICAGO,IL,60620,79900,5,2.0,Auburn Gresham,2200,3750,1921,3,36,,Active,,,http://www.redfin.com/IL/Chicago/8235-S-Hermitage-Ave-60620/home/13907310,MRED,10128164,N,Y,41.7437802,-87.6666088
MLS Listing,,Single Family Residential,7942 S Kenwood Ave,CHICAGO,IL,60619,90000,3,2.0,Avalon Park,1104,3750,1920,4,82,,Active,,,http://www.redfin.com/IL/Chicago/7942-S-Kenwood-Ave-60619/home/13221793,MRED,10128088,N,Y,41.7501367,-87.5920771
MLS Listing,,Condo/Co-op,543 E 60TH St #1,CHICAGO,IL,60637,89000,2,1.0,Woodlawn,900,,1925,4,99,219,Active,,,http://www.redfin.com/IL/Chicago/543-E-60th-St-60637/unit-1/home/39579625,MRED,10128040,N,Y,41.7854788,-87.6115862
MLS Listing,,Single Family Residential,6527 S Wood St,CHICAGO,IL,60636,80000,4,1.5,West Englewood,960,3689,1909,4,83,,Active,,,http://www.redfin.com/IL/Chicago/6527-S-Wood-St-60636/home/13936191,MRED,10127976,N,Y,41.7749465,-87.6687277
MLS Listing,,Single Family Residential,6553 S WOOD St,CHICAGO,IL,60636,80000,6,2.0,West Englewood,1655,3689,1909,4,48,,Active,,,http://www.redfin.com/IL/Chicago/6553-S-Wood-St-60636/home/13935549,MRED,10127882,N,Y,41.7742077,-87.6686892
MLS Listing,,Multi-Family (2-4 Unit),371 N AVERS Ave,CHICAGO,IL,60624,85000,9,3.0,West Garfield Park,,4000,1885,4,,,Active,,,http://www.redfin.com/IL/Chicago/371-N-Avers-Ave-60624/unit-2FL/home/13261668,MRED,10127847,N,Y,41.8873925,-87.7221079
MLS Listing,,Single Family Residential,1737 E 84th St,CHICAGO,IL,60617,89000,4,2.0,Avalon Park,1000,3541,1923,4,89,,Active,,,http://www.redfin.com/IL/Chicago/1737-E-84th-St-60617/home/13219067,MRED,10127780,N,Y,41.7422378,-87.5814061
MLS Listing,,Single Family Residential,10714 S Lafayette Ave,CHICAGO,IL,60628,80000,5,2.0,Roseland,1478,4038,1909,4,54,,Active,,,http://www.redfin.com/IL/Chicago/10714-S-Lafayette-Ave-60628/home/13077847,MRED,10127760,N,Y,41.6993383,-87.6247503
MLS Listing,,Condo/Co-op,7234 W North Ave #907,ELMWOOD PARK,IL,60707,75000,1,1.0,Elmwood Park,750,,1973,4,100,359,Active,,,http://www.redfin.com/IL/Elmwood-Park/7234-W-North-Ave-60707/unit-907/home/13521202,MRED,10127633,N,Y,41.9091423,-87.8077989
MLS Listing,,Vacant Land,5132 S lawndale Ave,CHICAGO,IL,60632,79500,,,West Elsdon,,3125,,4,,,Active,,,http://www.redfin.com/IL/Chicago/5132-S-Lawndale-Ave-60632/home/22889026,MRED,10127471,N,Y,41.799629,-87.71634
MLS Listing,,Condo/Co-op,4836 W Henderson St Unit 1B,CHICAGO,IL,60641,93900,2,1.0,Portage Park,800,,1930,4,117,200,Active,,,http://www.redfin.com/IL/Chicago/4836-W-Henderson-St-60641/unit-1B/home/26805666,MRED,10127438,N,Y,41.941806,-87.74857
MLS Listing,,Condo/Co-op,4448 W Gunnison St Unit 1-C,CHICAGO,IL,60630,92250,1,1.0,Albany Park,719,,1930,4,128,332,Active,,,http://www.redfin.com/IL/Chicago/4448-W-Gunnison-St-60630/unit-1-C/home/12614081,MRED,10127252,N,Y,41.969301,-87.7399274
MLS Listing,,Single Family Residential,9543 S Calhoun Ave,CHICAGO,IL,60617,80000,3,1.5,South Deering,931,3998,1947,5,86,,Active,,,http://www.redfin.com/IL/Chicago/9543-S-Calhoun-Ave-60617/home/13041342,MRED,10126959,N,Y,41.721236,-87.5619679
MLS Listing,,Multi-Family (2-4 Unit),3107 W Flournoy St,CHICAGO,IL,60612,80000,7,3.0,East Garfield Park,,3049,1911,5,,,Active,,,http://www.redfin.com/IL/Chicago/3107-W-Flournoy-St-60612/home/13258899,MRED,10126358,N,Y,41.872598,-87.7037904
MLS Listing,,Vacant Land,2544 N New England Ave,CHICAGO,IL,60707,79500,,,Montclare,,3484,,5,,,Active,,,http://www.redfin.com/IL/Chicago/2544-N-New-England-Ave-60707/home/13433434,MRED,10126352,N,Y,41.9267195,-87.7979851
MLS Listing,,Single Family Residential,7825 S Jeffery Blvd,CHICAGO,IL,60649,87000,3,1.5,South Shore,1080,1258,1947,6,81,,Active,,,http://www.redfin.com/IL/Chicago/7825-S-Jeffery-Ave-60649/home/13922270,MRED,10125951,N,Y,41.7527351,-87.5756063
MLS Listing,,Single Family Residential,2725 W Warren Blvd,CHICAGO,IL,60612,99000,4,2.0,East Garfield Park,2046,2683,1888,6,48,,Active,,,http://www.redfin.com/IL/Chicago/2725-W-Warren-Blvd-60612/home/13259493,MRED,10125532,N,Y,41.8818027,-87.6948782
MLS Listing,,Condo/Co-op,720 N Austin Blvd Unit 1NW,OAK PARK,IL,60302,95000,1,1.0,Oak Park,700,,,6,136,232,Active,,,http://www.redfin.com/IL/Oak-Park/720-N-Austin-Blvd-60302/unit-1NW/home/13268755,MRED,10125424,N,Y,41.8939556,-87.7755379
MLS Listing,,Condo/Co-op,725 W Sheridan Rd Unit 10D,CHICAGO,IL,60613,90000,0,1.0,Lake View,,,1925,6,,113,Active,,,http://www.redfin.com/IL/Chicago/725-W-Sheridan-Rd-60613/unit-10D/home/12793549,MRED,10125133,N,Y,41.9523378,-87.6490568
MLS Listing,,Vacant Land,3553 W Evergreen Ave,CHICAGO,IL,60651,99000,,,Humboldt Park,,3049,,7,,,Active,,,http://www.redfin.com/IL/Chicago/3553-W-Evergreen-Ave-60651/home/21873048,MRED,10124981,N,Y,41.905281,-87.716378
MLS Listing,,Multi-Family (2-4 Unit),6415 S Sangamon St,CHICAGO,IL,60621,99900,7,2.5,Englewood,,3125,1895,7,,,Active,,,http://www.redfin.com/IL/Chicago/6415-S-Sangamon-St-60621/home/13933453,MRED,10124479,N,Y,41.7774108,-87.6480644
MLS Listing,,Condo/Co-op,4880 N Marine Dr #812,CHICAGO,IL,60640,89500,0,1.0,Uptown,425,,,7,211,343,Active,,,http://www.redfin.com/IL/Chicago/4880-N-Marine-Dr-60640/unit-812/home/145077438,MRED,10124448,N,Y,41.9713831,-87.6509453
MLS Listing,,Multi-Family (2-4 Unit),4734 S Ada St,CHICAGO,IL,60609,82000,4,4.0,New City,,2613,1880,8,,,Active,,,http://www.redfin.com/IL/Chicago/4734-S-Ada-St-60609/unit-1/home/13954292,MRED,10123922,N,Y,41.8076435,-87.6591341
MLS Listing,,Single Family Residential,7606 S Clyde Ave,CHICAGO,IL,60649,100000,4,2.0,South Shore,1368,3781,1919,8,73,,Active,,,http://www.redfin.com/IL/Chicago/7606-S-Clyde-Ave-60649/home/13922286,MRED,10123813,N,Y,41.7567905,-87.5739753
MLS Listing,,Single Family Residential,3812 W 65th Pl,CHICAGO,IL,60629,89900,3,1.0,West Lawn,,4652,1919,10,,,Active,,,http://www.redfin.com/IL/Chicago/3812-W-65th-Pl-60629/home/13990602,MRED,10123301,N,Y,41.7745009,-87.7182814
MLS Listing,,Single Family Residential,8133 S Exchange Ave,CHICAGO,IL,60617,93000,3,1.0,South Chicago,1158,4125,1954,10,80,,Active,,,http://www.redfin.com/IL/Chicago/8133-S-Exchange-Ave-60617/unit-1/home/13214033,MRED,10123264,N,Y,41.7472768,-87.5524349
MLS Listing,,Single Family Residential,1052 N LAWLER Ave,CHICAGO,IL,60651,90500,3,2.0,Austin,1416,3781,1912,10,64,,Active,,,http://www.redfin.com/IL/Chicago/1052-N-Lawler-Ave-60651/home/13279822,MRED,10123245,N,Y,41.9001483,-87.7523255
MLS Listing,,Condo/Co-op,10414 S WALDEN Pkwy Unit 2W,CHICAGO,IL,60643,89900,2,1.0,Beverly,740,,,10,121,140,Active,,,http://www.redfin.com/IL/Chicago/10414-S-Walden-Pkwy-60643/unit-2W/home/12711058,MRED,10123012,N,Y,41.704295,-87.669803
MLS Listing,,Multi-Family (2-4 Unit),7828 S Sangamon St,CHICAGO,IL,60620,79900,5,2.0,Auburn Gresham,,6098,1907,10,,,Active,,,http://www.redfin.com/IL/Chicago/7828-S-Sangamon-St-60620/home/13912437,MRED,10122875,N,Y,41.7514864,-87.6480355
MLS Listing,,Single Family Residential,9229 S Peoria St,CHICAGO,IL,60620,88400,2,2.0,Washington Heights,1175,4373,1942,10,75,,Active,,,http://www.redfin.com/IL/Chicago/9229-S-Peoria-St-60620/home/13102329,MRED,10122522,N,Y,41.725927,-87.6455398
MLS Listing,,Single Family Residential,8639 S Burnham Ave,CHICAGO,IL,60617,80000,6,2.0,South Chicago,2600,4687,1919,11,31,,Active,,,http://www.redfin.com/IL/Chicago/8639-S-Burnham-Ave-60617/home/13212925,MRED,10122271,N,Y,41.7379516,-87.5560209
MLS Listing,,Condo/Co-op,3028 W POLK St #2,CHICAGO,IL,60612,79900,3,2.0,East Garfield Park,1070,,2007,11,75,250,Active,,,http://www.redfin.com/IL/Chicago/3028-W-Polk-St-60612/unit-2/home/12590275,MRED,10122001,N,Y,41.8712629,-87.7020691
MLS Listing,,Single Family Residential,6932 S Wolcott Ave,CHICAGO,IL,60636,79000,2,1.5,West Englewood,1000,3123,1924,11,79,,Active,,,http://www.redfin.com/IL/Chicago/6932-S-Wolcott-Ave-60636/home/13934632,MRED,10121701,N,Y,41.7674547,-87.6714147
MLS Listing,,Condo/Co-op,8245 W BELMONT Ave Unit 4C,RIVER GROVE,IL,60171,95000,1,1.0,River Grove,,,1970,11,,147,Active,,,http://www.redfin.com/IL/River-Grove/8245-W-Belmont-Ave-60171/unit-4C/home/13536005,MRED,10121587,N,Y,41.9372698,-87.832449
MLS Listing,,Single Family Residential,6550 S Claremont Ave,CHICAGO,IL,60636,79000,3,1.0,Chicago Lawn,,3123,1917,12,,,Active,,,http://www.redfin.com/IL/Chicago/6550-S-Claremont-Ave-60636/home/13936766,MRED,10121224,N,Y,41.7741057,-87.6824114
MLS Listing,,Parking,505 N LAKE SHORE Dr Unit D74,CHICAGO,IL,60611,75000,,,Near North Side,,152,1968,12,,68,Active,,,http://www.redfin.com/IL/Chicago/505-N-Lake-Shore-Dr-60611/unit-D-74/home/14096593,MRED,10121126,N,Y,41.8914899,-87.6119488
MLS Listing,,Single Family Residential,10453 S Ewing Ave,CHICAGO,IL,60617,94900,4,3.0,East Side,1100,3049,1902,12,86,,Active,,,http://www.redfin.com/IL/Chicago/10453-S-Ewing-Ave-60617/home/13038773,MRED,10121118,N,Y,41.7048933,-87.5350169
MLS Listing,,Condo/Co-op,1960 W Hood Ave Unit 5C,CHICAGO,IL,60660,77777,2,1.0,West Ridge,1100,,1954,12,71,426,Active,,,http://www.redfin.com/IL/Chicago/1960-W-Hood-Ave-60660/unit-5C/home/147820672,MRED,10121006,N,Y,41.9933637,-87.679648
MLS Listing,,Single Family Residential,10928 S Avenue O Ave,CHICAGO,IL,60617,82000,3,1.0,East Side,800,4935,1940,12,103,,Active,,,http://www.redfin.com/IL/Chicago/10928-S-Avenue-O-60617/home/13034423,MRED,10120511,N,Y,41.6964031,-87.5404161
MLS Listing,,Single Family Residential,8008 S Saginaw Ave,CHICAGO,IL,60617,79900,3,1.0,South Chicago,730,,1895,13,109,,Active,,,http://www.redfin.com/IL/Chicago/8008-S-Saginaw-Ave-60617/home/13215872,MRED,10120140,N,Y,41.7496547,-87.560375
MLS Listing,,Multi-Family (2-4 Unit),4639 S Paulina St,CHICAGO,IL,60609,90000,4,3.0,New City,,3049,1895,13,,,Active,,,http://www.redfin.com/IL/Chicago/4639-S-Paulina-St-60609/home/13958697,MRED,10119993,N,Y,41.8092035,-87.6671482
MLS Listing,,Single Family Residential,9231 S Ellis Ave,CHICAGO,IL,60619,89900,4,1.5,Burnside,1071,3101,1910,13,84,,Active,,,http://www.redfin.com/IL/Chicago/9231-S-Ellis-Ave-60619/home/13113535,MRED,10119933,N,Y,41.7266488,-87.599476
MLS Listing,,Single Family Residential,2718 N AUSTIN Ave,CHICAGO,IL,60639,99000,3,1.0,Belmont Cragin,504,4133,1921,13,196,,Active,,,http://www.redfin.com/IL/Chicago/2718-N-Austin-Ave-60639/home/13436901,MRED,10119572,N,Y,41.9299028,-87.7761603
MLS Listing,,Single Family Residential,9326 S Bishop St,CHICAGO,IL,60620,75000,3,1.5,Washington Heights,1369,3750,1945,14,55,,Active,,,http://www.redfin.com/IL/Chicago/9326-S-Bishop-St-60620/home/13103303,MRED,10119076,N,Y,41.7240402,-87.6593268
MLS Listing,,Single Family Residential,5008 W Fulton St,CHICAGO,IL,60644,99500,5,2.0,Austin,7000,7000,1890,14,14,,Active,,,http://www.redfin.com/IL/Chicago/5008-W-Fulton-St-60644/home/13263056,MRED,10118379,N,Y,41.8859521,-87.750845
MLS Listing,,Single Family Residential,8635 S Bennett Ave,CHICAGO,IL,60617,79000,4,1.0,Avalon Park,1100,3750,1943,14,72,,Active,,,http://www.redfin.com/IL/Chicago/8635-S-Bennett-Ave-60617/home/13217716,MRED,10118286,N,Y,41.7377918,-87.5779128
MLS Listing,,Townhouse,7208 S East End Ave Unit B,CHICAGO,IL,60649,89900,2,1.5,South Shore,984,1875,1961,15,91,,Active,,,http://www.redfin.com/IL/Chicago/7208-S-East-End-Ave-60649/unit-B/home/13925368,MRED,10118071,N,Y,41.7639545,-87.5839341
MLS Listing,,Condo/Co-op,5757 N Sheridan Rd Unit 10G,CHICAGO,IL,60660,98000,0,1.0,Edgewater,550,,1968,15,178,410,Active,,,http://www.redfin.com/IL/Chicago/5757-N-Sheridan-Rd-60660/unit-10G/home/13408106,MRED,10117857,N,Y,41.9870956,-87.654799
MLS Listing,,Townhouse,9239 S Calumet Ave,CHICAGO,IL,60619,99500,3,1.5,Roseland,911,,1942,15,109,,Active,,,http://www.redfin.com/IL/Chicago/9239-S-Calumet-Ave-60619/home/13110627,MRED,10117836,N,Y,41.7262856,-87.6152246
MLS Listing,,Single Family Residential,6438 S Marshfield Ave,CHICAGO,IL,60636,99900,3,1.0,West Englewood,1062,3075,1890,16,94,,Active,,,http://www.redfin.com/IL/Chicago/6438-S-Marshfield-Ave-60636/home/13936197,MRED,10117624,N,Y,41.7764767,-87.6656456
MLS Listing,,Single Family Residential,6137 S Maplewood Ave,CHICAGO,IL,60629,99900,5,2.5,Chicago Lawn,1424,3750,1913,17,70,,Active,,,http://www.redfin.com/IL/Chicago/6137-S-Maplewood-Ave-60629/home/14012003,MRED,10117219,N,Y,41.7817256,-87.6871001
MLS Listing,,Single Family Residential,848 N Trumbull Ave,CHICAGO,IL,60651,99000,3,1.0,Humboldt Park,700,3123,1898,17,141,,Active,,,http://www.redfin.com/IL/Chicago/848-N-Trumbull-Ave-60651/home/13285313,MRED,10116973,N,Y,41.8969807,-87.7129802
MLS Listing,,Condo/Co-op,4880 N Marine Dr #811,CHICAGO,IL,60640,89000,0,1.0,Uptown,,,,17,,336,Active,,,http://www.redfin.com/IL/Chicago/4880-N-Marine-Dr-60640/unit-811/home/13397892,MRED,10116655,N,Y,41.9713831,-87.6509453
MLS Listing,,Multi-Family (2-4 Unit),10800 S Torrence Ave,CHICAGO,IL,60617,99000,9,4.0,South Deering,,3050,1950,17,,,Active,,,http://www.redfin.com/IL/Chicago/Undisclosed-address-60617/home/13083343,MRED,10116618,N,Y,41.6990322,-87.5598054
MLS Listing,,Single Family Residential,10004 S Eberhart Ave,CHICAGO,IL,60628,98999,2,1.5,Roseland,912,3750,1938,17,109,,Active,,,http://www.redfin.com/IL/Chicago/10004-S-Eberhart-Ave-60628/home/13087263,MRED,10116568,N,Y,41.7126046,-87.6117533
MLS Listing,,Single Family Residential,10052 S LAFAYETTE Ave,CHICAGO,IL,60628,76900,3,1.0,Roseland,814,3659,1923,17,94,,Active,,,http://www.redfin.com/IL/Chicago/10052-S-Lafayette-Ave-60628/home/13090584,MRED,10116381,N,Y,41.7111683,-87.6250588
MLS Listing,,Single Family Residential,10742 S La Salle St,CHICAGO,IL,60628,75000,3,1.0,Roseland,1126,7540,1918,18,67,,Active,,,http://www.redfin.com/IL/Chicago/10742-S-La-Salle-St-60628/home/18930513,MRED,10116179,N,Y,41.6984929,-87.6271411
MLS Listing,,Multi-Family (2-4 Unit),4724 S Loomis Blvd,CHICAGO,IL,60609,80000,7,4.0,New City,,3049,1875,18,,,Active,,,http://www.redfin.com/IL/Chicago/4724-S-Loomis-Blvd-60609/home/13954924,MRED,10115868,N,Y,41.8078983,-87.660213
MLS Listing,,Single Family Residential,10144 S Carpenter St,CHICAGO,IL,60643,95000,3,1.5,Washington Heights,1403,3075,1958,18,68,,Active,,,http://www.redfin.com/IL/Chicago/10144-S-Carpenter-St-60643/home/13094731,MRED,10115681,N,Y,41.7090978,-87.6492688
MLS Listing,,Condo/Co-op,2308 W 111th St Unit A,CHICAGO,IL,60643,85000,2,1.5,Morgan Park,,,,18,,200,Active,,,http://www.redfin.com/IL/Chicago/2308-W-111th-St-60643/unit-A/home/13070052,MRED,10115441,N,Y,41.6921869,-87.679081
MLS Listing,,Multi-Family (2-4 Unit),227 W 111th St,CHICAGO,IL,60628,89000,6,4.0,Roseland,,4356,,18,,,Active,,,http://www.redfin.com/IL/Chicago/227-W-111th-St-60628/home/13064292,MRED,10115323,N,Y,41.6923069,-87.6289919
MLS Listing,,Multi-Family (2-4 Unit),8320 S Kingston Ave,CHICAGO,IL,60617,89900,4,2.0,South Chicago,,3150,1915,18,,,Active,,,http://www.redfin.com/IL/Chicago/8320-S-Kingston-Ave-60617/home/13214075,MRED,10115242,N,Y,41.7438454,-87.5627015
MLS Listing,,Single Family Residential,6320 S BELL Ave,CHICAGO,IL,60636,89000,3,2.0,Chicago Lawn,,3123,1899,19,,,Active,,,http://www.redfin.com/IL/Chicago/6320-S-Bell-Ave-60636/home/13937293,MRED,10114991,N,Y,41.7785156,-87.6800524
MLS Listing,,Multi-Family (2-4 Unit),5630 S Justine St,CHICAGO,IL,60636,79000,4,4.0,West Englewood,,3049,1905,19,,,Active,,,http://www.redfin.com/IL/Chicago/5630-S-Justine-St-60636/unit-2/home/13940952,MRED,10114942,N,Y,41.79127,-87.6635266
MLS Listing,,Vacant Land,40 W 103rd St,CHICAGO,IL,60628,99500,,,Roseland,,21780,,19,,,Active,,,http://www.redfin.com/IL/Chicago/40-W-103rd-St-60628/home/147670554,MRED,10114680,N,Y,41.707476,-87.6252049
MLS Listing,,Multi-Family (2-4 Unit),1935 S Drake Ave,CHICAGO,IL,60623,79900,6,3.0,North Lawndale,,3484,1900,19,,,Active,,,http://www.redfin.com/IL/Chicago/1935-S-Drake-Ave-60623/home/13233291,MRED,10114114,N,Y,41.8538639,-87.7134324
MLS Listing,,Multi-Family (2-4 Unit),6450 S PAULINA St,CHICAGO,IL,60636,80000,5,2.0,West Englewood,,3690,1913,20,,,Active,,,http://www.redfin.com/IL/Chicago/6450-S-Paulina-St-60636/unit-2/home/12583041,MRED,10113822,N,Y,41.7761521,-87.6668785
MLS Listing,,Single Family Residential,2620 W 98th Pl,EVERGREEN PARK,IL,60805,91900,2,1.0,Evergreen Park,1050,,1941,20,88,,Active,,,http://www.redfin.com/IL/Evergreen-Park/2620-W-98th-Pl-60805/home/13161829,MRED,10113647,N,Y,41.7147023,-87.6879472
MLS Listing,,Single Family Residential,1534 E 73rd Pl,CHICAGO,IL,60619,75000,5,3.0,South Shore,960,3624,1905,20,78,,Active,,,http://www.redfin.com/IL/Chicago/1534-E-73rd-St-60619/home/13921544,MRED,10113474,N,Y,41.7625659,-87.5871954
MLS Listing,,Single Family Residential,8007 S Colfax Ave,CHICAGO,IL,60617,84000,4,2.5,South Chicago,1150,3123,1892,20,73,,Active,,,http://www.redfin.com/IL/Chicago/8007-S-Colfax-Ave-60617/unit-1/home/13215002,MRED,10113275,N,Y,41.7496444,-87.5609816
MLS Listing,,Condo/Co-op,2210 W Farwell Ave #2,CHICAGO,IL,60645,99900,2,1.0,West Ridge,900,,1951,20,111,360,Active,,,http://www.redfin.com/IL/Chicago/2210-W-Farwell-Ave-60645/unit-2/home/12796734,MRED,10113198,N,Y,42.0065941,-87.68629
MLS Listing,,Single Family Residential,11639 S Central Park Ave,CHICAGO,IL,60655,89900,3,2.0,Mount Greenwood,1022,4560,1941,20,88,,Active,,,http://www.redfin.com/IL/Chicago/11639-S-Central-Park-Ave-60655/home/13134132,MRED,10113091,N,Y,41.6811721,-87.7099589
MLS Listing,,Single Family Residential,13841 Kanawha Ave,DOLTON,IL,60419,79900,4,2.0,Dolton,1956,6250,,21,41,,Active,,,http://www.redfin.com/IL/Dolton/13841-Kanawha-Ave-60419/home/12949028,MRED,10112912,N,Y,41.6430719,-87.60832
MLS Listing,,Multi-Family (2-4 Unit),8647 S Manistee Ave,CHICAGO,IL,60617,99900,5,3.0,South Chicago,,3049,1910,21,,,Active,,,http://www.redfin.com/IL/Chicago/8647-S-Manistee-Ave-60617/home/13212405,MRED,10112833,N,Y,41.7376954,-87.5572277
MLS Listing,,Vacant Land,324 N KEDZIE Ave,CHICAGO,IL,60624,80000,0,,East Garfield Park,,1742,,21,,,Active,,,http://www.redfin.com/IL/Chicago/324-N-Kedzie-Ave-60612/home/21872214,MRED,10112687,N,Y,41.8762454,-87.7057438
MLS Listing,,Single Family Residential,1110 E 82nd Pl,CHICAGO,IL,60619,75000,5,2.5,Avalon Park,2583,3123,1920,21,29,,Active,,,http://www.redfin.com/IL/Chicago/1110-E-82nd-Pl-60619/home/13223392,MRED,10112071,N,Y,41.7451536,-87.5972478
MLS Listing,,Condo/Co-op,7306 N WINCHESTER Ave #405,CHICAGO,IL,60626,98500,1,1.0,Rogers Park,,,1969,23,,316,Active,,,http://www.redfin.com/IL/Chicago/7306-N-Winchester-Ave-60626/unit-405/home/13572494,MRED,10111352,N,Y,42.0143634,-87.6794554
MLS Listing,,Single Family Residential,11917 S EGGLESTON Ave,CHICAGO,IL,60628,79000,4,2.0,West Pullman,1856,4613,1924,24,43,,Active,,,http://www.redfin.com/IL/Chicago/11917-S-Eggleston-Ave-60628/home/13057795,MRED,10110668,N,Y,41.6773358,-87.6331945
MLS Listing,,Multi-Family (2-4 Unit),1915 W Garfield Blvd,CHICAGO,IL,60636,99900,6,3.0,West Englewood,,3484,1910,24,,,Active,,,http://www.redfin.com/IL/Chicago/1915-W-Garfield-Blvd-60636/home/13938302,MRED,10110122,N,Y,41.79331,-87.672554
MLS Listing,,Single Family Residential,451 E 91st St,Chicago,IL,60619,80000,2,1.0,Chatham,903,3123,1920,24,89,,Active,,,http://www.redfin.com/IL/Chicago/451-E-91st-St-60619/home/13110684,MRED,10110049,N,Y,41.7290256,-87.6123704
MLS Listing,,Condo/Co-op,841 E 49th St Unit 2W,CHICAGO,IL,60615,85000,2,1.0,Kenwood,1200,39800,,25,71,557,Active,,,http://www.redfin.com/IL/Chicago/841-E-49th-Dr-60615/unit-2W/home/21832294,MRED,10109822,N,Y,41.8057679,-87.6050798
MLS Listing,,Condo/Co-op,5555 N Sheridan Rd #238,CHICAGO,IL,60640,94500,0,1.0,Edgewater,450,,1929,25,210,435,Active,,,http://www.redfin.com/IL/Chicago/5555-N-Sheridan-Rd-60640/unit-238/home/101738833,MRED,10109508,N,Y,41.9833384,-87.6546064
MLS Listing,,Parking,500 W Superior St Unit P-157,CHICAGO,IL,60654,79000,,,Near North Side,,120,,25,,84,Active,,,http://www.redfin.com/IL/Chicago/500-W-Superior-St-60654/unit-P-157/home/147559395,MRED,10109480,N,Y,41.895951,-87.642196
MLS Listing,,Condo/Co-op,6436 W 64th Pl Unit A1,CHICAGO,IL,60638,77000,1,1.0,Clearing,720,,1972,26,107,100,Active,,,http://www.redfin.com/IL/Chicago/6436-W-64th-Pl-60638/unit-A1/home/12751144,MRED,10108807,N,Y,41.7751833,-87.7826268
MLS Listing,,Single Family Residential,6341 S Whipple St,CHICAGO,IL,60629,79900,3,1.5,Chicago Lawn,1470,3123,1909,26,54,,Active,,,http://www.redfin.com/IL/Chicago/6341-S-Whipple-St-60629/home/13988066,MRED,10108732,N,Y,41.7778116,-87.6991902
MLS Listing,,Condo/Co-op,10537 S HALE Ave Unit 1W,CHICAGO,IL,60643,79900,3,2.0,Beverly,1200,,1920,26,67,320,Active,,,http://www.redfin.com/IL/Chicago/10537-S-Hale-Ave-60643/unit-1W/home/12602759,MRED,10108574,N,Y,41.701882,-87.668702
MLS Listing,,Single Family Residential,11600 S LEE Rd,ALSIP,IL,60803,76000,2,1.0,Alsip/Garden Homes,950,5632,,26,80,,Active,,,http://www.redfin.com/IL/Alsip/11600-S-Lee-Rd-60803/home/13137149,MRED,10107759,N,Y,41.6818056,-87.7356336
MLS Listing,,Townhouse,5035 S Drexel Blvd Unit K,CHICAGO,IL,60615,80500,2,1.5,Kenwood,1080,692,1964,26,75,,Active,,,http://www.redfin.com/IL/Chicago/5035-S-Drexel-Blvd-60615/unit-K/home/13951796,MRED,10107697,N,Y,41.803225,-87.602519
MLS Listing,,Condo/Co-op,1411 W Farwell Ave Unit K1,CHICAGO,IL,60626,85000,1,1.0,Rogers Park,400,,,27,213,245,Active,,,http://www.redfin.com/IL/Chicago/1411-W-Farwell-Ave-60626/unit-K1/home/52638979,MRED,10107467,N,Y,42.0063263,-87.6663684
MLS Listing,,Condo/Co-op,2921 S Michigan Ave #210,CHICAGO,IL,60616,98000,1,1.0,Douglas,750,10000,,27,131,489,Active,,,http://www.redfin.com/IL/Chicago/2921-S-Michigan-Ave-60616/unit-210/home/12734154,MRED,10107368,N,Y,41.8413715,-87.6222039
MLS Listing,,Single Family Residential,12007 S Parnell Ave,CHICAGO,IL,60628,80000,3,1.0,West Pullman,1480,3075,1891,27,54,,Active,,,http://www.redfin.com/IL/Chicago/12007-S-Parnell-Ave-60628/home/13058692,MRED,10106799,N,Y,41.6757409,-87.6355944
MLS Listing,,Condo/Co-op,6455 S Greenwood Ave #2,CHICAGO,IL,60637,78000,2,1.5,Woodlawn,800,,,29,98,330,Active,,,http://www.redfin.com/IL/Chicago/6455-S-Greenwood-Ave-60637/unit-2/home/12677459,MRED,10105305,N,Y,41.7772327,-87.5990639
MLS Listing,,Condo/Co-op,2501 W Touhy Ave #201,CHICAGO,IL,60645,99500,1,1.0,West Ridge,900,,,30,111,249,Active,,,http://www.redfin.com/IL/Chicago/2501-W-Touhy-Ave-60645/unit-201/home/18940783,MRED,10105094,N,Y,42.0119459,-87.6927978
MLS Listing,,Multi-Family (2-4 Unit),8011 S Princeton Ave,CHICAGO,IL,60620,90000,6,4.0,Chatham,,3484,1926,30,,,Active,,,http://www.redfin.com/IL/Chicago/8011-S-Princeton-Ave-60620/home/13228280,MRED,10105010,N,Y,41.7486218,-87.6314981
MLS Listing,,Single Family Residential,9933 S Aberdeen St,CHICAGO,IL,60643,93000,4,2.0,Washington Heights,1375,3781,1909,31,68,,Active,,,http://www.redfin.com/IL/Chicago/9933-S-Aberdeen-St-60643/home/13093876,MRED,10104532,N,Y,41.7130802,-87.6500396
MLS Listing,,Multi-Family (2-4 Unit),8233 S Maryland Ave,CHICAGO,IL,60619,99750,6,3.0,Chatham,,3049,1922,31,,,Active,,,http://www.redfin.com/IL/Chicago/8233-S-Maryland-Ave-60619/home/13224803,MRED,10104525,N,Y,41.7448191,-87.6034785
MLS Listing,,Condo/Co-op,1503 N AVERS Ave Unit G,CHICAGO,IL,60651,99900,2,1.0,Humboldt Park,950,,1924,32,105,231,Active,,,http://www.redfin.com/IL/Chicago/1503-N-Avers-Ave-60651/unit-G/home/12590600,MRED,10103463,N,Y,41.908284,-87.722469
MLS Listing,,Multi-Family (2-4 Unit),2243 S Kostner Ave,CHICAGO,IL,60623,89900,6,3.0,North Lawndale,,2613,1910,32,,,Active,,,http://www.redfin.com/IL/Chicago/2243-S-Kostner-Ave-60623/home/14149288,MRED,10102575,N,Y,41.8500165,-87.7341815
MLS Listing,,Single Family Residential,10514 S Vincennes Ave,CHICAGO,IL,60643,85000,3,1.0,Beverly,814,3062,1885,33,104,,Active,,,http://www.redfin.com/IL/Chicago/10514-S-Vincennes-Ave-60643/home/13076526,MRED,10101940,N,Y,41.7025822,-87.657824
MLS Listing,,Single Family Residential,5915 S Washtenaw Ave,CHICAGO,IL,60629,99000,4,2.0,Chicago Lawn,1176,3750,1939,33,84,,Active,,,http://www.redfin.com/IL/Chicago/5915-S-Washtenaw-Ave-60629/home/14012560,MRED,10101911,N,Y,41.7859182,-87.6908738
MLS Listing,,Single Family Residential,6816 S Marshfield Ave,CHICAGO,IL,60636,95000,5,2.0,West Englewood,1300,3123,1905,33,73,,Active,,,http://www.redfin.com/IL/Chicago/6816-S-Marshfield-Ave-60636/home/13934226,MRED,10101906,N,Y,41.7698001,-87.6654048
MLS Listing,,Single Family Residential,7049 S Aberdeen St,CHICAGO,IL,60621,80000,4,1.5,Englewood,1200,3123,1969,33,67,,Active,,,http://www.redfin.com/IL/Chicago/7049-S-Aberdeen-St-60621/home/13931436,MRED,10101877,N,Y,41.765476,-87.6514366
MLS Listing,,Single Family Residential,7309 S Aberdeen St,CHICAGO,IL,60621,80000,3,1.5,Englewood,1200,3123,1967,33,67,,Active,,,http://www.redfin.com/IL/Chicago/7309-S-Aberdeen-St-60621/home/13915075,MRED,10101850,N,Y,41.7611138,-87.6513885
MLS Listing,,Single Family Residential,6329 S Racine Ave,CHICAGO,IL,60636,80000,4,1.5,Englewood,1200,3123,1969,33,67,,Active,,,http://www.redfin.com/IL/Chicago/6329-S-Racine-Ave-60636/home/13933407,MRED,10101818,N,Y,41.778686,-87.654135
MLS Listing,,Single Family Residential,6421 S Racine Ave,CHICAGO,IL,60636,80000,4,1.5,Englewood,,3123,1970,33,,,Active,,,http://www.redfin.com/IL/Chicago/6421-S-Racine-Ave-60636/home/13933465,MRED,10101766,N,Y,41.7771081,-87.6541728
MLS Listing,,Multi-Family (2-4 Unit),3109 W Lexington St,CHICAGO,IL,60612,75000,6,2.0,East Garfield Park,,3125,1895,33,,,Active,,,http://www.redfin.com/IL/Chicago/3109-W-Lexington-St-60612/home/13259417,MRED,10101313,N,Y,41.8717071,-87.7038483
MLS Listing,,Single Family Residential,10852 S GREEN St,CHICAGO,IL,60643,75000,3,1.0,Morgan Park,1305,5000,1944,34,57,,Active,,,http://www.redfin.com/IL/Chicago/10852-S-Green-St-60643/home/12575700,MRED,10101002,N,Y,41.6962338,-87.6440655
MLS Listing,,Single Family Residential,7515 S CHAPPEL Ave,CHICAGO,IL,60649,79000,3,2.0,South Shore,1600,4199,,34,49,,Active,,,http://www.redfin.com/IL/Chicago/7515-S-Chappel-Ave-60649/home/13923267,MRED,10100982,N,Y,41.7583594,-87.5746702
MLS Listing,,Condo/Co-op,2220 E 70TH Pl #109,CHICAGO,IL,60649,79900,2,2.0,South Shore,1200,,1925,34,67,350,Active,,,http://www.redfin.com/IL/Chicago/2220-E-70th-Pl-60649/unit-109/home/13925024,MRED,10100449,N,Y,41.7673765,-87.5708514
MLS Listing,,Multi-Family (2-4 Unit),743 S Kedvale Ave,CHICAGO,IL,60624,99900,8,3.0,West Garfield Park,,6250,1910,35,,,Active,,,http://www.redfin.com/IL/Chicago/743-S-Kedvale-Ave-60624/home/13254960,MRED,10099855,N,Y,41.8712685,-87.7286705
MLS Listing,,Multi-Family (2-4 Unit),4835 S Bishop St,CHICAGO,IL,60609,75000,4,2.0,New City,,3049,1885,35,,,Active,,,http://www.redfin.com/IL/Chicago/4835-S-Bishop-St-60609/home/13954964,MRED,10099741,N,Y,41.8058128,-87.6609497
MLS Listing,,Multi-Family (2-4 Unit),10750 S Torrence Ave,CHICAGO,IL,60617,95000,8,4.0,South Deering,,6250,1875,35,,,Active,,,http://www.redfin.com/IL/Chicago/10750-S-Torrence-Ave-60617/home/26833120,MRED,10099614,N,Y,41.699422,-87.559844
MLS Listing,,Townhouse,6970 E Anthony Ave,CHICAGO,IL,60637,79900,3,1.5,Greater Grand Crossing,1500,3125,,35,53,,Active,,,http://www.redfin.com/IL/Chicago/6970-S-Anthony-Ave-60637/home/13928110,MRED,10099071,N,Y,41.7679067,-87.6118593
MLS Listing,,Multi-Family (2-4 Unit),2731 S Whipple St,CHICAGO,IL,60623,85000,4,2.0,South Lawndale,,2613,1896,35,,,Active,,,http://www.redfin.com/IL/Chicago/2731-S-Whipple-St-60623/home/13231588,MRED,10098984,N,Y,41.8417759,-87.7010477
MLS Listing,,Multi-Family (2-4 Unit),8559 S Muskegon Ave,CHICAGO,IL,60617,85000,4,3.0,South Chicago,,2613,1913,36,,,Active,,,http://www.redfin.com/IL/Chicago/8559-S-Muskegon-Ave-60617/home/13212933,MRED,10098449,N,Y,41.7392775,-87.5548527
MLS Listing,,Condo/Co-op,1823 W Granville Ave Unit 4B,CHICAGO,IL,60660,79900,2,1.0,West Ridge,1000,,1952,38,80,416,Active,,,http://www.redfin.com/IL/Chicago/1823-W-Granville-Ave-60660/unit-4B/home/147311269,MRED,10097786,N,Y,41.9941498,-87.6761846
MLS Listing,,Single Family Residential,823 E 90th St,CHICAGO,IL,60619,95000,3,1.0,Chatham,1828,6098,1885,38,52,,Active,,,http://www.redfin.com/IL/Chicago/Undisclosed-address-60619/home/13114740,MRED,10097732,N,Y,41.730917,-87.60362
MLS Listing,,Multi-Family (2-4 Unit),2501 S Whipple St,CHICAGO,IL,60623,99900,4,2.0,South Lawndale,,3049,1885,38,,,Active,,,http://www.redfin.com/IL/Chicago/2501-S-Whipple-St-60623/home/14152014,MRED,10097533,N,Y,41.8462587,-87.7011439
MLS Listing,,Single Family Residential,10811 S Bensley Ave,CHICAGO,IL,60617,78900,5,2.0,South Deering,1500,3123,1910,38,53,,Active,,,http://www.redfin.com/IL/Chicago/10811-S-Bensley-Ave-60617/home/147886462,MRED,10097464,N,Y,41.6987086,-87.5628946
MLS Listing,,Single Family Residential,7921 S Luella Ave,CHICAGO,IL,60617,80000,2,1.5,South Chicago,1150,4582,1915,38,70,,Active,,,http://www.redfin.com/IL/Chicago/7921-S-Luella-Ave-60617/home/13219791,MRED,10097443,N,Y,41.7510254,-87.5696129
MLS Listing,,Condo/Co-op,7932 S Pulaski Rd #202,CHICAGO,IL,60652,89900,2,1.0,Ashburn,950,,1968,39,95,195,Active,,,http://www.redfin.com/IL/Chicago/7932-S-Pulaski-Rd-60652/unit-202/home/13970107,MRED,10096520,N,Y,41.7485034,-87.7222729
MLS Listing,,Multi-Family (2-4 Unit),1529 S Homan Ave,CHICAGO,IL,60623,75000,7,2.0,North Lawndale,,3049,1905,39,,,Active,,,http://www.redfin.com/IL/Chicago/1529-S-Homan-Ave-60623/unit-1/home/13233915,MRED,10096116,N,Y,41.8599941,-87.7101128
MLS Listing,,Single Family Residential,8100 S Escanaba Ave,CHICAGO,IL,60617,89900,4,2.0,South Chicago,1170,5375,1947,40,77,,Active,,,http://www.redfin.com/IL/Chicago/8100-S-Escanaba-Ave-60617/home/13213595,MRED,10095418,N,Y,41.7480983,-87.5543216
MLS Listing,,Condo/Co-op,2326 E 70th Pl #3,CHICAGO,IL,60649,84900,2,2.0,South Shore,1500,,1914,40,57,413,Active,,,http://www.redfin.com/IL/Chicago/2326-E-70th-Pl-60649/unit-3/home/147868264,MRED,10095390,N,Y,41.7673015,-87.5686944
MLS Listing,,Multi-Family (2-4 Unit),4916 W Adams St,CHICAGO,IL,60644,93000,6,3.0,Austin,,3484,1917,40,,,Active,,,http://www.redfin.com/IL/Chicago/4916-W-Adams-St-60644/home/13253479,MRED,10094791,N,Y,41.878763,-87.7479993
MLS Listing,,Single Family Residential,8307 S Buffalo Ave,CHICAGO,IL,60617,89000,4,2.0,South Chicago,2176,2975,1885,40,41,,Active,,,http://www.redfin.com/IL/Chicago/8307-S-Buffalo-Ave-60617/home/13211969,MRED,10094444,N,Y,41.7444971,-87.5439701
MLS Listing,,Single Family Residential,7525 S Luella Ave,CHICAGO,IL,60649,89900,3,1.5,South Shore,1385,4199,1915,41,65,,Active,,,http://www.redfin.com/IL/Chicago/7525-S-Luella-Ave-60649/home/13922757,MRED,10094297,N,Y,41.7582069,-87.5697383
MLS Listing,,Vacant Land,7850 S Greenwood Ave,CHICAGO,IL,60619,90000,,,Greater Grand Crossing,,5227,,41,,,Active,,,http://www.redfin.com/IL/Chicago/7850-S-Greenwood-Ave-60619/home/147268327,MRED,10094050,N,Y,41.751613,-87.598133
MLS Listing,,Single Family Residential,12627 S Edbrooke Ave,CHICAGO,IL,60628,99000,3,2.0,West Pullman,1008,4769,1957,42,98,,Active,,,http://www.redfin.com/IL/Chicago/12627-S-Edbrooke-Ave-60628/home/13053832,MRED,10092865,N,Y,41.664149,-87.6183872
MLS Listing,,Single Family Residential,8035 S Avalon Ave,CHICAGO,IL,60619,90000,3,1.0,Avalon Park,924,3149,1913,42,97,,Active,,,http://www.redfin.com/IL/Chicago/8035-S-Avalon-Ave-60619/home/13222204,MRED,10092377,N,Y,41.7485143,-87.593939
MLS Listing,,Single Family Residential,11462 S Vincennes Ave,CHICAGO,IL,60643,97000,3,1.5,Morgan Park,1500,4146,1922,42,65,,Active,,,http://www.redfin.com/IL/Chicago/11462-S-Vincennes-Ave-60643/home/52429813,MRED,10091950,N,Y,41.6850839,-87.6678031
MLS Listing,,Vacant Land,9113 S Western Ave,CHICAGO,IL,60643,75000,,,Beverly,,6098,,43,,,Active,,,http://www.redfin.com/IL/Chicago/9113-S-Western-Ave-60643/home/40454321,MRED,10091882,N,Y,41.727795,-87.681873
MLS Listing,,Single Family Residential,2543 E 109th St,CHICAGO,IL,60617,75000,3,1.0,South Deering,807,3188,1920,43,93,,Active,,,http://www.redfin.com/IL/Chicago/2543-E-109th-St-60617/home/13083481,MRED,10091683,N,Y,41.6975115,-87.5614659
MLS Listing,,Parking,405 N Wabash Ave Unit D71-72,CHICAGO,IL,60611,86000,,,Near North Side,,216,,45,,157,Active,,,http://www.redfin.com/IL/Chicago/405-N-Wabash-Ave-60611/unit-D71-72/home/147159827,MRED,10090645,N,Y,41.8897222,-87.6257722
MLS Listing,,Condo/Co-op,7145 N WASHTENAW Ave Unit G,CHICAGO,IL,60645,94900,1,1.0,West Ridge,,10000,,45,,142,Active,,,http://www.redfin.com/IL/Chicago/7145-N-Washtenaw-Ave-60645/unit-G/home/12776432,MRED,10090232,N,Y,42.0115412,-87.6972055
MLS Listing,,Multi-Family (2-4 Unit),4509 W Fulton St,CHICAGO,IL,60624,80000,5,2.0,West Garfield Park,,2178,1908,46,,,Active,,,http://www.redfin.com/IL/Chicago/4509-W-Fulton-St-60624/home/13263402,MRED,10089902,N,Y,41.8851487,-87.7385186
MLS Listing,,Single Family Residential,6755 S Wolcott Ave,CHICAGO,IL,60636,75000,4,2.0,West Englewood,,3101,,46,,,Active,,,http://www.redfin.com/IL/Chicago/6755-S-Wolcott-Ave-60636/home/13934757,MRED,10089713,N,Y,41.7704863,-87.6710006
MLS Listing,,Single Family Residential,12841 S SAGINAW Ave,CHICAGO,IL,60633,89900,3,1.5,Hegewisch,1300,5000,1961,47,69,,Active,,,http://www.redfin.com/IL/Chicago/12841-S-Saginaw-Ave-60633/home/13033215,MRED,10088582,N,Y,41.6615963,-87.5577587
MLS Listing,,Single Family Residential,1461 W 113th Pl,CHICAGO,IL,60643,81000,3,1.5,Morgan Park,1500,3123,,47,54,,Active,,,http://www.redfin.com/IL/Chicago/1461-W-113th-Pl-60643/home/13066786,MRED,10088567,N,Y,41.6872808,-87.6590956
MLS Listing,,Single Family Residential,516 E 92nd St,CHICAGO,IL,60619,89900,5,2.0,Chatham,1764,3515,1920,47,51,,Active,,,http://www.redfin.com/IL/Chicago/516-E-92nd-St-60619/home/13110563,MRED,10088557,N,Y,41.7275997,-87.6110975
MLS Listing,,Vacant Land,2143 W Coulter St,CHICAGO,IL,60608,99000,,,Lower West Side,,2178,,47,,,Active,,,http://www.redfin.com/IL/Chicago/2143-W-Coulter-St-60608/home/14078684,MRED,10088467,N,Y,41.847701,-87.679675
MLS Listing,,Single Family Residential,11647 S Loomis St,CHICAGO,IL,60643,90000,4,2.0,West Pullman,900,3750,1961,47,100,,Active,,,http://www.redfin.com/IL/Chicago/11647-S-Loomis-St-60643/home/13065022,MRED,10088414,N,Y,41.6817002,-87.6563597
MLS Listing,,Condo/Co-op,2605 S Indiana Ave #606,CHICAGO,IL,60616,79000,0,1.0,Douglas,480,,1978,47,165,343,Active,,,http://www.redfin.com/IL/Chicago/2605-S-Indiana-Ave-60616/unit-606/home/12724040,MRED,10088225,N,Y,41.845183,-87.6214043
MLS Listing,,Condo/Co-op,7348 N Ridge Blvd Unit 13B,CHICAGO,IL,60645,75000,1,1.0,West Ridge,720,,1928,47,104,402,Active,,,http://www.redfin.com/IL/Chicago/7348-N-Ridge-Blvd-60645/unit-13B/home/13573913,MRED,10088178,N,Y,42.0153986,-87.6853034
MLS Listing,,Single Family Residential,1929 S Christiana Ave,CHICAGO,IL,60623,89900,4,1.5,North Lawndale,1800,2687,,47,50,,Active,,,http://www.redfin.com/IL/Chicago/Undisclosed-address-60623/home/13232865,MRED,10087546,N,Y,41.8545175,-87.7087464
MLS Listing,,Single Family Residential,333 E 117th St,CHICAGO,IL,60628,89900,5,2.0,West Pullman,1472,3123,1900,48,61,,Active,,,http://www.redfin.com/IL/Chicago/333-E-117th-St-60628/unit-2/home/13059493,MRED,10086396,N,Y,41.6811274,-87.6153146
MLS Listing,,Single Family Residential,8255 S Saint Lawrence Ave,CHICAGO,IL,60619,82000,5,2.0,Chatham,2600,4338,1923,48,32,,Active,,,http://www.redfin.com/IL/Chicago/8255-S-St-Lawrence-Ave-60619/home/13225986,MRED,10086224,N,Y,41.744127,-87.6095546
MLS Listing,,Vacant Land,316 E 103rd St,CHICAGO,IL,60628,75000,,,Roseland,,2613,,49,,,Active,,,http://www.redfin.com/IL/Chicago/316-E-103rd-St-60628/home/51584004,MRED,10086042,N,Y,41.7076202,-87.615364
MLS Listing,,Vacant Land,10601 S Halsted St,CHICAGO,IL,60628,82500,,,Roseland,,15375,,49,,,Active,,,http://www.redfin.com/IL/Chicago/10601-S-Halsted-St-60628/home/147905025,MRED,10085751,N,Y,41.7014516,-87.6425789
MLS Listing,,Single Family Residential,2516 W 69th St,CHICAGO,IL,60629,89500,4,2.0,Chicago Lawn,1615,3123,1903,49,55,,Active,,,http://www.redfin.com/IL/Chicago/2516-W-69th-St-60629/home/13986983,MRED,10085238,N,Y,41.7684643,-87.6865834
MLS Listing,,Townhouse,9637 S Brennan Ave,CHICAGO,IL,60617,94500,3,1.0,South Deering,1352,4440,1945,49,70,,Active,,,http://www.redfin.com/IL/Chicago/9637-S-Brennan-Ave-60617/home/13085648,MRED,10085083,N,Y,41.7202362,-87.5676052
MLS Listing,,Multi-Family (5+ Unit),6713 S Sangamon St,CHICAGO,IL,60621,85000,6,3.0,Englewood,,3049,1892,49,,,Active,,,http://www.redfin.com/IL/Chicago/6713-S-Sangamon-St-60621/home/13932227,MRED,10085051,N,Y,41.7720004,-87.6479969
MLS Listing,,Vacant Land,2101 N Melvina Ave,CHICAGO,IL,60639,99000,,,Belmont Cragin,,3484,,50,,,Active,,,http://www.redfin.com/IL/Chicago/2101-N-Melvina-Ave-60639/home/147084307,MRED,10084679,N,Y,41.917965,-87.780032
MLS Listing,,Multi-Family (2-4 Unit),8908 S Escanaba Ave,CHICAGO,IL,60617,79900,7,2.0,South Chicago,,3049,1885,51,,,Active,,,http://www.redfin.com/IL/Chicago/8908-S-Escanaba-Ave-60617/home/13043828,MRED,10084342,N,Y,41.7333305,-87.5543989
MLS Listing,,Condo/Co-op,2941 S Michigan Ave #103,CHICAGO,IL,60616,75000,1,1.0,Douglas,900,,1971,52,83,488,Active,,,http://www.redfin.com/IL/Chicago/2941-S-Michigan-Ave-60616/unit-103/home/12750963,MRED,10083751,N,Y,41.8402249,-87.622547
MLS Listing,,Townhouse,11225 S Avenue L,CHICAGO,IL,60617,79900,2,1.0,East Side,900,3125,1946,52,89,,Active,,,http://www.redfin.com/IL/Chicago/11225-S-Ave-L-60617/home/13034954,MRED,10083694,N,Y,41.69104,-87.536131
MLS Listing,,Multi-Family (2-4 Unit),7547 S Peoria St,CHICAGO,IL,60620,95000,5,2.0,Auburn Gresham,,3920,1913,52,,,Active,,,http://www.redfin.com/IL/Chicago/7547-S-Peoria-St-60620/unit-2/home/13912781,MRED,10083281,N,Y,41.7563008,-87.6462453
MLS Listing,,Condo/Co-op,3021 S MICHIGAN Ave #307,CHICAGO,IL,60616,99900,1,1.0,Douglas,800,,1971,52,125,450,Active,,,http://www.redfin.com/IL/Chicago/3021-S-Michigan-Ave-60616/unit-307/home/12733735,MRED,10083045,N,Y,41.839682,-87.6222437
MLS Listing,,Condo/Co-op,1138 W Lunt Ave Unit 3B,CHICAGO,IL,60626,96000,2,1.0,Rogers Park,900,,1949,53,107,660,Active,,,http://www.redfin.com/IL/Chicago/1138-W-Lunt-Ave-60626/unit-3B/home/147048765,MRED,10082591,N,Y,42.0094073,-87.6611888
MLS Listing,,Condo/Co-op,1475 E 69TH St Unit G,CHICAGO,IL,60636,99000,3,2.0,South Shore,1200,,2006,53,83,150,Active,,,http://www.redfin.com/IL/Chicago/1475-E-69th-St-60637/unit-G/home/120664950,MRED,10082131,N,Y,41.769429,-87.5882239
MLS Listing,,Condo/Co-op,7238 S Cornell Ave Unit 1S,CHICAGO,IL,60649,75000,3,2.0,South Shore,1300,5550,2005,53,58,185,Active,,,http://www.redfin.com/IL/Chicago/7238-S-Cornell-Ave-60649/unit-1S/home/13925082,MRED,10081925,N,Y,41.7631406,-87.5849569
MLS Listing,,Single Family Residential,8347 S Kingston Ave,CHICAGO,IL,60617,98000,4,1.0,South Chicago,860,3750,1915,54,114,,Active,,,http://www.redfin.com/IL/Chicago/8347-S-Kingston-Ave-60617/home/13213625,MRED,10081314,N,Y,41.7431352,-87.5621996
MLS Listing,,Single Family Residential,8151 S Woodlawn Ave,CHICAGO,IL,60619,85000,4,2.0,Avalon Park,5246,5244,1915,54,16,,Active,,,http://www.redfin.com/IL/Chicago/8151-S-Woodlawn-Ave-60619/home/13223044,MRED,10081170,N,Y,41.7461968,-87.595087
MLS Listing,,Single Family Residential,7405 S Western Ave,CHICAGO,IL,60636,79900,3,2.0,Chicago Lawn,1200,3750,1930,54,67,,Active,,,http://www.redfin.com/IL/Chicago/7405-S-Western-Ave-60636/home/13912702,MRED,10080830,N,Y,41.7589589,-87.6827525
MLS Listing,,Condo/Co-op,2621 W Fitch Ave #2,CHICAGO,IL,60645,95000,1,1.0,West Ridge,675,,1957,54,141,246,Active,,,http://www.redfin.com/IL/Chicago/2621-W-Fitch-Ave-60645/unit-2/home/13584946,MRED,10080374,N,Y,42.0109278,-87.6958046
MLS Listing,,Single Family Residential,8733 S Essex Ave,CHICAGO,IL,60617,85000,4,2.0,South Chicago,3100,3750,1919,55,27,,Active,,,http://www.redfin.com/IL/Chicago/8733-S-Essex-Ave-60617/home/13045223,MRED,10079606,N,Y,41.736209,-87.563266
MLS Listing,,Single Family Residential,7043 S Morgan St,CHICAGO,IL,60621,75000,4,2.5,Englewood,960,4125,,55,78,,Active,,,http://www.redfin.com/IL/Chicago/7043-S-Morgan-St-60621/home/13931227,MRED,10079252,N,Y,41.7656489,-87.6489605
MLS Listing,,Single Family Residential,8201 S Harper Ave,CHICAGO,IL,60619,99990,3,1.0,Avalon Park,906,5227,1918,56,110,,Active,,,http://www.redfin.com/IL/Chicago/8201-S-Harper-Ave-60619/home/13222302,MRED,10078619,N,Y,41.7458679,-87.5867901
MLS Listing,,Multi-Family (2-4 Unit),147 W 108TH St,CHICAGO,IL,60628,90000,6,2.0,Roseland,,3125,1921,56,,,Active,,,http://www.redfin.com/IL/Chicago/147-W-108th-St-60628/home/13077021,MRED,10077948,N,Y,41.6978396,-87.6275266
MLS Listing,,Single Family Residential,11327 S Harvard Ave,CHICAGO,IL,60628,84900,6,3.0,Roseland,2985,3689,1919,58,28,,Active,,,http://www.redfin.com/IL/Chicago/11327-S-Harvard-Ave-60628/home/13063166,MRED,10077043,N,Y,41.6880611,-87.6311029
MLS Listing,,Single Family Residential,10735 S Cottage Grove Ave,CHICAGO,IL,60628,99800,3,1.0,Pullman,,1655,1875,58,,,Active,,,http://www.redfin.com/IL/Chicago/10735-S-Cottage-Grove-Ave-60628/unit-1/home/13081133,MRED,10077042,N,Y,41.6991546,-87.6080484
MLS Listing,,Condo/Co-op,2749 W Arthur Ave #2,Chicago,IL,60645,80000,2,1.0,West Ridge,1000,,1926,58,80,,Active,,,http://www.redfin.com/IL/Chicago/2749-W-Arthur-Ave-60645/unit-2/home/18919296,MRED,10076938,N,Y,41.9991636,-87.699317
MLS Listing,,Single Family Residential,6453 S Campbell Ave,CHICAGO,IL,60629,79000,3,1.0,Chicago Lawn,1200,3750,1912,58,66,,Active,,,http://www.redfin.com/IL/Chicago/6453-S-Campbell-Ave-60629/home/13986299,MRED,10076934,N,Y,41.7758715,-87.6857137
MLS Listing,,Single Family Residential,6448 S Campbell Ave,CHICAGO,IL,60629,95000,3,1.0,Chicago Lawn,1250,5623,1917,58,76,,Active,,,http://www.redfin.com/IL/Chicago/6448-S-Campbell-Ave-60629/home/13986070,MRED,10076922,N,Y,41.77596,-87.6862529
MLS Listing,,Condo/Co-op,6049 N Talman Ave Unit GD-A,CHICAGO,IL,60659,85000,1,1.0,West Ridge,500,,1920,59,170,126,Active,,,http://www.redfin.com/IL/Chicago/6049-N-Talman-Ave-60659/unit-GD-A/home/146991711,MRED,10076253,N,Y,41.991799,-87.695429
MLS Listing,,Single Family Residential,7742 S Laflin St,CHICAGO,IL,60620,99900,2,1.0,Auburn Gresham,1269,4991,1937,59,79,,Active,,,http://www.redfin.com/IL/Chicago/7742-S-Laflin-St-60620/home/13913920,MRED,10076077,N,Y,41.752729,-87.6620885
MLS Listing,,Single Family Residential,9955 S WINSTON Ave,CHICAGO,IL,60643,75000,3,2.0,Washington Heights,1617,4866,1912,59,46,,Active,,,http://www.redfin.com/IL/Chicago/9955-S-Winston-Ave-60643/home/13093956,MRED,10075962,N,Y,41.7125961,-87.6568221
MLS Listing,,Single Family Residential,11228 S Homewood Ave,CHICAGO,IL,60643,85000,4,1.0,Morgan Park,1130,5000,1909,59,75,,Active,,,http://www.redfin.com/IL/Chicago/11228-S-Homewood-Ave-60643/home/13070893,MRED,10075847,N,Y,41.6888323,-87.6703842
MLS Listing,,Condo/Co-op,1709 W WALLEN Ave Unit 3I,CHICAGO,IL,60626,99900,2,1.0,Rogers Park,,,1923,59,,369,Active,,,http://www.redfin.com/IL/Chicago/1709-W-Wallen-Ave-60626/unit-3I/home/13569316,MRED,10075373,N,Y,42.0023506,-87.6730841
MLS Listing,,Single Family Residential,7009 S Calumet Ave,CHICAGO,IL,60637,79900,5,1.5,Greater Grand Crossing,1524,3123,1905,60,52,,Active,,,http://www.redfin.com/IL/Chicago/7009-S-Calumet-Ave-60637/home/13928474,MRED,10074903,N,Y,41.767151,-87.6166421
MLS Listing,,Condo/Co-op,4645 N Magnolia Ave Unit GS,CHICAGO,IL,60640,89500,0,1.0,Uptown,,,1909,60,,109,Active,,,http://www.redfin.com/IL/Chicago/4645-N-Magnolia-Ave-60640/unit-GS/home/146478992,MRED,10074633,N,Y,41.966754,-87.660685
MLS Listing,,Single Family Residential,1521 E 74th St,CHICAGO,IL,60619,89900,3,2.0,South Shore,1168,6250,1920,60,77,,Active,,,http://www.redfin.com/IL/Chicago/1521-E-74th-St-60619/home/13921421,MRED,10074506,N,Y,41.7603776,-87.5875234
MLS Listing,,Vacant Land,3429 E 136th St,CHICAGO,IL,60633,100000,,,Hegewisch,,30000,,60,,,Active,,,http://www.redfin.com/IL/Chicago/3429-E-136th-St-60633/home/146983985,MRED,10074283,N,Y,41.6479926,-87.5404108
MLS Listing,,Single Family Residential,9130 S WALLACE St,CHICAGO,IL,60620,88000,4,2.0,Washington Heights,1301,3249,1927,60,68,,Active,,,http://www.redfin.com/IL/Chicago/9130-S-Wallace-St-60620/home/13107029,MRED,10073966,N,Y,41.7278591,-87.6387845
MLS Listing,,Condo/Co-op,8245 W BELMONT Ave Unit 2L,RIVER GROVE,IL,60171,91000,1,1.0,River Grove,700,,1970,60,130,147,Active,,,http://www.redfin.com/IL/River-Grove/8245-W-Belmont-Ave-60171/unit-2L/home/13537193,MRED,10073720,N,Y,41.9372698,-87.832449
MLS Listing,,Multi-Family (5+ Unit),9524-26 S Avenue Ave N,CHICAGO,IL,60617,100000,16,8.0,East Side,,11656,1898,60,,,Active,,,http://www.redfin.com/IL/Chicago/9524-S-Ave-N-60617/unit-26/home/13045132,MRED,10073658,N,Y,41.7222078,-87.5392556
MLS Listing,,Vacant Land,524 N Trumbull Ave,Chicago,IL,60624,99000,,,Humboldt Park,,2613,,61,,,Active,,,http://www.redfin.com/IL/Chicago/524-N-Trumbull-Ave-60624/home/17557384,MRED,10073634,N,Y,41.891039,-87.712863
MLS Listing,,Vacant Land,3804 W Ohio St,Chicago,IL,60624,99000,,,Humboldt Park,,3049,,61,,,Active,,,http://www.redfin.com/IL/Chicago/3804-W-Ohio-St-60624/unit-1/home/145071379,MRED,10073633,N,Y,41.8920076,-87.721387
MLS Listing,,Vacant Land,3109 W 5th Ave,Chicago,IL,60612,99000,,,East Garfield Park,,2613,,61,,,Active,,,http://www.redfin.com/IL/Chicago/3109-W-5th-Ave-60612/home/145071378,MRED,10073632,N,Y,41.878644,-87.704076
MLS Listing,,Vacant Land,3031 W 5th Ave,Chicago,IL,60612,99000,,,East Garfield Park,,3049,,61,,,Active,,,http://www.redfin.com/IL/Chicago/3031-W-5th-Ave-60612/home/17557591,MRED,10073631,N,Y,41.8791439,-87.702231
MLS Listing,,Single Family Residential,5736 S WOOD St,CHICAGO,IL,60636,85000,3,2.0,West Englewood,1100,3125,1912,61,77,,Active,,,http://www.redfin.com/IL/Chicago/5736-S-Wood-St-60636/home/13938574,MRED,10073565,N,Y,41.7892075,-87.6695463
MLS Listing,,Single Family Residential,8838 S TALMAN Ave,EVERGREEN PARK,IL,60805,100000,3,1.0,Evergreen Park,1156,3100,1952,61,87,,Active,,,http://www.redfin.com/IL/Evergreen-Park/8838-S-Talman-Ave-60805/home/13187814,MRED,10073316,N,Y,41.7322347,-87.6889752
MLS Listing,,Single Family Residential,6416 S Sacramento Ave,CHICAGO,IL,60629,90000,2,1.0,Chicago Lawn,4166,4164,1917,61,22,,Active,,,http://www.redfin.com/IL/Chicago/6416-S-Sacramento-Ave-60629/home/13988383,MRED,10072408,N,Y,41.7766569,-87.6987475
MLS Listing,,Condo/Co-op,2809 W Washington Blvd #102,CHICAGO,IL,60612,89900,1,1.0,East Garfield Park,,,,62,,270,Active,,,http://www.redfin.com/IL/Chicago/2809-W-Washington-Blvd-60612/unit-102/home/108598839,MRED,10071883,N,Y,41.882605,-87.696758
MLS Listing,,Vacant Land,5647-49 S State St,CHICAGO,IL,60621,87000,,,Washington Park,,3920,,62,,,Active,,,http://www.redfin.com/IL/Chicago/5647-S-State-St-60621/home/102230852,MRED,10071843,N,Y,41.791493,-87.625125
MLS Listing,,Vacant Land,5935-37 S State St,CHICAGO,IL,60621,94000,,,Washington Park,,3920,,63,,,Active,,,http://www.redfin.com/IL/Chicago/5935-S-State-St-60621/home/21876005,MRED,10070176,N,Y,41.7863479,-87.625007
MLS Listing,,Single Family Residential,2840 E 77th St,CHICAGO,IL,60649,76385,4,2.0,South Shore,1387,2613,1890,63,55,,Active,,,http://www.redfin.com/IL/Chicago/2840-E-77th-St-60649/home/13216526,MRED,10070170,N,Y,41.7560897,-87.5555188
MLS Listing,,Single Family Residential,6127 S Bishop St,CHICAGO,IL,60636,79000,3,1.0,West Englewood,900,3101,1905,63,88,,Active,,,http://www.redfin.com/IL/Chicago/6127-S-Bishop-St-60636/home/22901392,MRED,10070058,N,Y,41.7823124,-87.6603672
MLS Listing,,Vacant Land,738 S Pulaski Rd,CHICAGO,IL,60624,80000,,,West Garfield Park,,6969,,64,,,Active,,,http://www.redfin.com/IL/Chicago/738-S-Pulaski-Rd-60624/home/101398345,MRED,10069984,N,Y,41.871198,-87.725609
MLS Listing,,Vacant Land,7752 S Ashland Ave,CHICAGO,IL,60620,79000,,,Auburn Gresham,,7840,,64,,,Active,,,http://www.redfin.com/IL/Chicago/7752-S-Ashland-Ave-60620/home/104372515,MRED,10069985,N,Y,41.752357,-87.663867
MLS Listing,,Vacant Land,5832 S Green St,CHICAGO,IL,60621,89000,,,Englewood,,12632,,64,,,Active,,,http://www.redfin.com/IL/Chicago/5832-S-Green-St-60621/home/105536053,MRED,10069981,N,Y,41.787735,-87.646556
MLS Listing,,Vacant Land,1347 W 47th St,CHICAGO,IL,60609,85000,,,New City,,2613,,64,,,Active,,,http://www.redfin.com/IL/Chicago/1347-W-47th-St-60609/home/67341434,MRED,10069983,N,Y,41.8084504,-87.6595367
MLS Listing,,Vacant Land,1033 W 69th St,CHICAGO,IL,60621,99000,,,Englewood,,12196,,64,,,Active,,,http://www.redfin.com/IL/Chicago/1033-W-69th-St-60621/home/17558518,MRED,10069979,N,Y,41.768513,-87.650932
MLS Listing,,Vacant Land,5621 S State St,CHICAGO,IL,60621,99000,,,Washington Park,,7840,,64,,,Active,,,http://www.redfin.com/IL/Chicago/5621-S-State-St-60621/home/49772031,MRED,10069978,N,Y,41.79214,-87.625137
MLS Listing,,Single Family Residential,4857 S Damen Ave,CHICAGO,IL,60609,99000,2,1.0,New City,969,3001,1957,64,102,,Active,,,http://www.redfin.com/IL/Chicago/4857-S-Damen-Ave-60609/home/13956567,MRED,10069938,N,Y,41.8050494,-87.6743423
MLS Listing,,Condo/Co-op,5457 S ELLIS Ave #3,CHICAGO,IL,60615,75000,1,1.0,Hyde Park,954,,1920,66,79,475,Active,,,http://www.redfin.com/IL/Chicago/5457-S-Ellis-Ave-60615/unit-3/home/144190254,MRED,10069138,N,Y,41.7963176,-87.600936
MLS Listing,,Single Family Residential,201 W 112th Pl,CHICAGO,IL,60628,99000,3,1.0,Roseland,1040,10890,1959,66,95,,Active,,,http://www.redfin.com/IL/Chicago/Undisclosed-address-60628/home/13063516,MRED,10068705,N,Y,41.6896019,-87.6279894
MLS Listing,,Single Family Residential,9214 S Elizabeth St,CHICAGO,IL,60620,92000,3,1.5,Washington Heights,1065,3750,1944,66,86,,Active,,,http://www.redfin.com/IL/Chicago/9214-S-Elizabeth-St-60620/home/13103953,MRED,10044849,N,Y,41.7262378,-87.6545871
MLS Listing,,Condo/Co-op,8455 W Leland Ave Unit 105N,CHICAGO,IL,60656,99999,1,1.0,O'Hare,,,1978,67,,222,Active,,,http://www.redfin.com/IL/Chicago/8455-W-Leland-Ave-60656/unit-105N/home/13551620,MRED,10068064,N,Y,41.9649196,-87.8383116
MLS Listing,,Parking,505 N LAKE SHORE Dr Unit B49,CHICAGO,IL,60611,75000,,,Near North Side,,190,1968,67,,92,Active,,,http://www.redfin.com/IL/Chicago/505-N-Lake-Shore-Dr-60611/unit-B49/home/14096709,MRED,10067202,N,Y,41.8915196,-87.6127766
MLS Listing,,Multi-Family (2-4 Unit),5700 S WABASH Ave,CHICAGO,IL,60637,78000,7,2.0,Washington Park,,4025,,68,,,Active,,,http://www.redfin.com/IL/Chicago/5700-S-Wabash-Ave-60637/home/12637889,MRED,10066902,N,Y,41.7909354,-87.6243647
MLS Listing,,Single Family Residential,9942 S Luella Ave,CHICAGO,IL,60617,80000,3,1.5,South Deering,1196,4961,1944,68,67,,Active,,,http://www.redfin.com/IL/Chicago/9942-S-Luella-Ave-60617/home/13083586,MRED,10066693,N,Y,41.7139946,-87.5684932
MLS Listing,,Single Family Residential,9335 S BISHOP St,CHICAGO,IL,60620,79000,3,2.5,Washington Heights,1556,4660,1944,68,51,,Active,,,http://www.redfin.com/IL/Chicago/9335-S-Bishop-St-60620/home/13103628,MRED,10066220,N,Y,41.7238646,-87.6588162
MLS Listing,,Single Family Residential,7532 S Constance Ave,CHICAGO,IL,60649,99900,4,2.0,South Shore,1469,4443,,69,68,,Active,,,http://www.redfin.com/IL/Chicago/7532-S-Constance-Ave-60649/home/13924801,MRED,10065821,N,Y,41.7578124,-87.5800744
MLS Listing,,Condo/Co-op,3445 W Bryn Mawr Ave Unit G-W,CHICAGO,IL,60659,99500,1,1.0,North Park,750,,1979,69,133,300,Active,,,http://www.redfin.com/IL/Chicago/3445-W-Bryn-Mawr-Ave-60659/unit-G-W/home/146888546,MRED,10065724,N,Y,41.982724,-87.715542
MLS Listing,,Condo/Co-op,1960 W Hood Ave Unit 5B,CHICAGO,IL,60660,82000,2,1.0,West Ridge,900,,1954,69,91,425,Active,,,http://www.redfin.com/IL/Chicago/1960-W-Hood-Ave-60660/unit-5B/home/114088309,MRED,10065609,N,Y,41.9933637,-87.679648
MLS Listing,,Single Family Residential,8723 S Merrill Ave,CHICAGO,IL,60617,85000,3,1.5,Calumet Heights,1249,3750,,71,68,,Active,,,http://www.redfin.com/IL/Chicago/8723-S-Merrill-Ave-60617/home/13117800,MRED,10063360,N,Y,41.7363419,-87.5718135
MLS Listing,,Multi-Family (2-4 Unit),6822 S Wood St,Chicago,IL,60636,80000,5,3.5,West Englewood,,3125,1931,72,,,Active,,,http://www.redfin.com/IL/Chicago/6822-S-Wood-St-60636/unit-2/home/13935276,MRED,10063232,N,Y,41.7696217,-87.6690648
MLS Listing,,Condo/Co-op,6901 S Oglesby Ave Unit 5C,CHICAGO,IL,60649,99900,4,4.0,South Shore,3500,,1929,73,29,1104,Active,,,http://www.redfin.com/IL/Chicago/6901-S-Oglesby-Ave-60649/unit-5C/home/21840129,MRED,10062815,N,Y,41.7695812,-87.5679334
MLS Listing,,Condo/Co-op,4544 N River Rd Unit C3,SCHILLER PARK,IL,60176,89800,1,1.0,Schiller Park,700,,1962,75,128,175,Active,,,http://www.redfin.com/IL/Schiller-Park/4544-N-River-Rd-60176/unit-C3/home/144959357,MRED,10059913,N,Y,41.961295,-87.8613891
MLS Listing,,Vacant Land,3001 W Lake St,CHICAGO,IL,60612,80000,,,East Garfield Park,,1742,,75,,,Active,,,http://www.redfin.com/IL/Melrose-Park/3001-W-Lake-St-60160/home/147815700,MRED,10059591,N,Y,41.883908,-87.701479
MLS Listing,,Vacant Land,6825 S Ashland Ave,CHICAGO,IL,60636,89000,,,West Englewood,,5227,,75,,,Active,,,http://www.redfin.com/IL/Chicago/6825-S-Ashland-Ave-60636/home/101621159,MRED,10059193,N,Y,41.769585,-87.663547
MLS Listing,,Vacant Land,5706 S Ashland Ave,CHICAGO,IL,60636,99000,,,West Englewood,,11325,,75,,,Active,,,http://www.redfin.com/IL/Chicago/5706-S-Ashland-Ave-60636/home/105522050,MRED,10059192,N,Y,41.7900149,-87.664858
MLS Listing,,Single Family Residential,3507 W 76TH St,CHICAGO,IL,60652,99000,3,2.0,Ashburn,1151,3750,1957,76,86,,Active,,,http://www.redfin.com/IL/Chicago/3507-W-76th-St-60652/home/13983072,MRED,10059151,N,Y,41.7549158,-87.7102764
MLS Listing,,Condo/Co-op,6106 S KIMBARK Ave #1,CHICAGO,IL,60637,95000,2,1.0,Woodlawn,1150,3750,1920,77,83,595,Active,,,http://www.redfin.com/IL/Chicago/6106-S-Kimbark-Ave-60637/unit-1/home/35657250,MRED,10058009,N,Y,41.7838563,-87.5951749
MLS Listing,,Condo/Co-op,7312 N Hamilton Ave #303,CHICAGO,IL,60645,97500,1,1.0,West Ridge,,,1924,77,,296,Active,,,http://www.redfin.com/IL/Chicago/7312-N-Hamilton-Ave-60645/unit-303/home/13572787,MRED,10057744,N,Y,42.0144978,-87.6853135
MLS Listing,,Vacant Land,3545 W 16th St,CHICAGO,IL,60623,100000,,,North Lawndale,,6098,,77,,,Active,,,http://www.redfin.com/IL/Chicago/3545-W-16th-St-60623/home/39979999,MRED,10057609,N,Y,41.8588109,-87.7143401
MLS Listing,,Single Family Residential,8542 S Wallace St,CHICAGO,IL,60620,99500,2,1.5,Auburn Gresham,966,3123,1915,77,103,,Active,,,http://www.redfin.com/IL/Chicago/8542-S-Wallace-St-60620/home/13226920,MRED,10057465,N,Y,41.7383225,-87.6390929
MLS Listing,,Condo/Co-op,4005 W Nelson St Unit 5A,CHICAGO,IL,60641,95000,1,1.0,Avondale,700,,1929,78,136,174,Active,,,http://www.redfin.com/IL/Chicago/4005-W-Nelson-St-60641/unit-5A/home/144959414,MRED,10056764,N,Y,41.9361921,-87.7274501
MLS Listing,,Multi-Family (2-4 Unit),8364 S Brandon Ave,CHICAGO,IL,60617,86000,8,4.0,South Chicago,,10890,1900,78,,,Active,,,http://www.redfin.com/IL/Chicago/8364-S-Brandon-Ave-60617/home/13212506,MRED,10056525,N,Y,41.7428202,-87.5468962
MLS Listing,,Single Family Residential,8632 S Wood St,Chicago,IL,60620,79000,3,1.0,Auburn Gresham,1065,3123,1926,79,74,,Active,,,http://www.redfin.com/IL/Chicago/Undisclosed-address-60620/home/13907593,MRED,10056427,N,Y,41.7365452,-87.6682654
MLS Listing,,Vacant Land,5010 W 47th St,CHICAGO,IL,60638,89900,,,Garfield Ridge,,3125,,79,,,Active,,,http://www.redfin.com/IL/Chicago/5010-W-47th-St-60638/home/146777580,MRED,10056334,N,Y,41.807814,-87.74862
MLS Listing,,Vacant Land,5008 W 47th St,CHICAGO,IL,60638,89900,,,Garfield Ridge,,3049,,79,,,Active,,,http://www.redfin.com/IL/Chicago/5008-W-47th-St-60638/home/21871877,MRED,10056327,N,Y,41.807813,-87.7485279
MLS Listing,,Single Family Residential,11536 S STEWART Ave,CHICAGO,IL,60628,92000,3,1.5,West Pullman,1634,6198,1889,79,56,,Active,,,http://www.redfin.com/IL/Chicago/11536-S-Stewart-Ave-60628/home/13061829,MRED,10056296,N,Y,41.6840968,-87.6327318
MLS Listing,,Multi-Family (2-4 Unit),7828 S Cregier Ave,Chicago,IL,60649,99000,4,2.0,South Shore,,6250,1912,80,,,Active,,,http://www.redfin.com/IL/Chicago/7828-S-Cregier-Ave-60649/home/13922932,MRED,10055928,N,Y,41.7524736,-87.5811938
MLS Listing,,Single Family Residential,5522 S Throop St,Chicago,IL,60636,100000,3,1.0,West Englewood,1092,3123,,80,92,,Active,,,http://www.redfin.com/IL/Chicago/5522-S-Throop-St-60636/home/13941015,MRED,10055758,N,Y,41.7930234,-87.6575045
MLS Listing,,Condo/Co-op,6961 N Oakley Ave #304,CHICAGO,IL,60645,99900,1,1.0,West Ridge,900,,1967,81,111,187,Active,,,http://www.redfin.com/IL/Chicago/6961-N-Oakley-Ave-60645/unit-304/home/13571389,MRED,10054529,N,Y,42.007836,-87.6875814
MLS Listing,,Condo/Co-op,7340 N Ridge Blvd Unit 3B,CHICAGO,IL,60645,84900,1,1.0,West Ridge,,,,81,,536,Active,,,http://www.redfin.com/IL/Chicago/7340-N-Ridge-Blvd-60645/unit-3B/home/13572427,MRED,10054261,N,Y,42.015513,-87.684885
MLS Listing,,Vacant Land,7412-14 S DORCHESTER Ave,CHICAGO,IL,60619,79000,,,Greater Grand Crossing,,629877,,82,,,Active,,,http://www.redfin.com/IL/Chicago/7412-S-Dorchester-Ave-60619/home/58574300,MRED,10053481,N,Y,41.76007,-87.591171
MLS Listing,,Vacant Land,6414 S Ashland Ave,CHICAGO,IL,60636,79000,,,West Englewood,,6098,,82,,,Active,,,http://www.redfin.com/IL/Chicago/6414-S-Ashland-Ave-60636/home/104009912,MRED,10053423,N,Y,41.777075,-87.664527
MLS Listing,,Vacant Land,800 S Pulaski Rd,CHICAGO,IL,60624,79000,,,West Garfield Park,,3484,,82,,,Active,,,http://www.redfin.com/IL/Chicago/800-S-Pulaski-Rd-60624/home/102265605,MRED,10053421,N,Y,41.8706741,-87.7255456
MLS Listing,,Vacant Land,6422 S Ashland Ave,CHICAGO,IL,60636,79000,,,West Englewood,,6098,,82,,,Active,,,http://www.redfin.com/IL/Chicago/6422-S-Ashland-Ave-60636/home/104019295,MRED,10053420,N,Y,41.7768,-87.66452
MLS Listing,,Multi-Family (2-4 Unit),8018 S Harvard Ave,CHICAGO,IL,60620,97000,4,2.0,Chatham,,3920,1920,82,,,Active,,,http://www.redfin.com/IL/Chicago/8018-S-Harvard-Ave-60620/unit-1/home/13227529,MRED,10053042,N,Y,41.7483576,-87.6333628
MLS Listing,,Single Family Residential,8041 S Clyde Ave,CHICAGO,IL,60617,89900,2,2.0,South Chicago,1225,4356,1925,82,73,,Active,,,http://www.redfin.com/IL/Chicago/8041-S-Clyde-Ave-60617/home/13219478,MRED,10031906,N,Y,41.7486139,-87.5732033
MLS Listing,,Condo/Co-op,5000 N Marine Dr Unit 11E,CHICAGO,IL,60640,99000,1,1.0,Uptown,1000,,1923,82,99,1320,Active,,,http://www.redfin.com/IL/Chicago/5000-N-Marine-Dr-60640/unit-11E/home/13043653,MRED,10052776,N,Y,41.9736041,-87.6516775
MLS Listing,,Condo/Co-op,3001 S Michigan Ave Unit 1704C,CHICAGO,IL,60616,79900,1,1.0,Douglas,800,,,83,100,456,Active,,,http://www.redfin.com/IL/Chicago/3001-S-Michigan-Ave-60616/unit-1704C/home/12733725,MRED,10052185,N,Y,41.8400715,-87.6223539
MLS Listing,,Single Family Residential,9634 S Greenwood Ave,CHICAGO,IL,60628,79900,2,1.0,Pullman,3720,3720,1923,83,21,,Active,,,http://www.redfin.com/IL/Chicago/9634-S-Greenwood-Ave-60628/home/13088514,MRED,10052086,N,Y,41.7192661,-87.5973635
MLS Listing,,Condo/Co-op,6101 N Sheridan Rd Unit 5E,CHICAGO,IL,60660,99900,1,1.0,Edgewater,,,,83,,516,Active,,,http://www.redfin.com/IL/Chicago/6101-N-Sheridan-Rd-60660/unit-5E/home/13412220,MRED,10052026,N,Y,41.9925374,-87.6550881
MLS Listing,,Single Family Residential,10201 S Lowe Ave,CHICAGO,IL,60628,99000,3,2.0,Washington Heights,1875,4774,1881,84,53,,Active,,,http://www.redfin.com/IL/Chicago/10201-S-Lowe-Ave-60628/home/13090443,MRED,10050900,N,Y,41.7086541,-87.6389773
MLS Listing,,Condo/Co-op,1518 E 59th St Unit 2N,CHICAGO,IL,60637,83750,1,1.0,Hyde Park,,,1925,84,,431,Active,,,http://www.redfin.com/IL/Chicago/1518-E-59th-St-60637/unit-2N/home/146673996,MRED,10050544,N,Y,41.788003,-87.5890253
MLS Listing,,Single Family Residential,3012 S Christiana Ave,CHICAGO,IL,60623,89900,3,2.5,South Lawndale,550,3123,1895,84,163,,Active,,,http://www.redfin.com/IL/Chicago/3012-S-Christiana-Ave-60623/home/14148172,MRED,10049854,N,Y,41.8385199,-87.7089966
MLS Listing,,Single Family Residential,8855 S Crandon Ave,CHICAGO,IL,60617,75000,2,1.0,Calumet Heights,1134,3750,1945,86,66,,Active,,,http://www.redfin.com/IL/Chicago/8855-S-Crandon-Ave-60617/home/13117258,MRED,10049243,N,Y,41.73372,-87.567993
MLS Listing,,Multi-Family (2-4 Unit),5921 S Green St,CHICAGO,IL,60621,75000,5,2.0,Englewood,,3049,1905,86,,,Active,,,http://www.redfin.com/IL/Chicago/5921-S-Green-St-60621/unit-1/home/13939480,MRED,10048925,N,Y,41.7863481,-87.6458145
MLS Listing,,Single Family Residential,11433 S Calumet Ave,CHICAGO,IL,60628,75000,3,2.0,Roseland,1530,4373,1913,87,49,,Active,,,http://www.redfin.com/IL/Chicago/11433-S-Calumet-Ave-60628/home/13059935,MRED,10047563,N,Y,41.6862808,-87.6141061
MLS Listing,,Vacant Land,1700 N Keating Ave,CHICAGO,IL,60639,75000,,,Austin,,3484,,88,,,Active,,,http://www.redfin.com/IL/Chicago/1700-N-Keating-Ave-60639/home/21877257,MRED,10047283,N,Y,41.911601,-87.745052
MLS Listing,,Vacant Land,1022 S Kedzie Ave,CHICAGO,IL,60612,89000,,,North Lawndale,,5662,,89,,,Active,,,http://www.redfin.com/IL/Chicago/1022-S-Kedzie-Ave-60612/home/90731460,MRED,10045830,N,Y,41.868377,-87.706078
MLS Listing,,Condo/Co-op,4800 S Chicago Beach Dr Unit 802S,CHICAGO,IL,60615,95000,1,1.0,Kenwood,800,,1985,89,119,609,Active,,,http://www.redfin.com/IL/Chicago/4800-S-Chicago-Beach-Dr-60615/unit-802S/home/13948941,MRED,10045280,N,Y,41.806603,-87.586581
MLS Listing,,Multi-Family (2-4 Unit),6426 S Langley Ave,CHICAGO,IL,60637,90000,4,3.0,Woodlawn,,3049,1890,90,,,Active,,,http://www.redfin.com/IL/Chicago/6426-S-Langley-Ave-60637/home/13929183,MRED,10044488,N,Y,41.7776764,-87.6085902
MLS Listing,,Multi-Family (2-4 Unit),5008 S Morgan St,CHICAGO,IL,60609,75000,4,2.0,New City,,3049,1891,93,,,Active,,,http://www.redfin.com/IL/Chicago/5008-S-Morgan-St-60609/home/13953692,MRED,10041609,N,Y,41.802908,-87.650587
MLS Listing,,Single Family Residential,41 E 101st Pl,CHICAGO,IL,60628,75000,5,2.0,Roseland,1200,3750,,94,63,,Active,,,http://www.redfin.com/IL/Chicago/41-E-101st-Pl-60628/home/13089341,MRED,10041279,N,Y,41.7097444,-87.6220124
MLS Listing,,Condo/Co-op,6300 N Sheridan Rd #209,CHICAGO,IL,60660,99000,1,1.0,Edgewater,750,,1962,94,132,398,Active,,,http://www.redfin.com/IL/Chicago/6300-N-Sheridan-Rd-60660/unit-209/home/13414293,MRED,10040900,N,Y,41.9969147,-87.656007
MLS Listing,,Single Family Residential,11122 S Whipple St,CHICAGO,IL,60655,89900,2,1.0,Mount Greenwood,840,3001,1919,96,107,,Active,,,http://www.redfin.com/IL/Chicago/11122-S-Whipple-St-60655/home/13133937,MRED,10037852,N,Y,41.6908935,-87.6974577
MLS Listing,,Single Family Residential,7921 S Ridgeland Ave,CHICAGO,IL,60617,89000,3,1.5,South Chicago,2400,5431,1907,96,37,,Active,,,http://www.redfin.com/IL/Chicago/7921-S-Ridgeland-Ave-60617/home/13220454,MRED,10037228,N,Y,41.7508464,-87.5814254
MLS Listing,,Townhouse,652 E 105th Pl,CHICAGO,IL,60628,94800,2,2.0,Pullman,890,2016,1944,96,107,,Active,,,http://www.redfin.com/IL/Chicago/652-E-105th-Pl-60628/home/13080885,MRED,10037039,N,Y,41.7030402,-87.6066055
MLS Listing,,Single Family Residential,11119 S Eggleston Ave,CHICAGO,IL,60628,80000,2,1.0,Roseland,840,3075,1918,97,95,,Active,,,http://www.redfin.com/IL/Chicago/Undisclosed-address-60628/home/13063005,MRED,10036912,N,Y,41.6918184,-87.6336186
MLS Listing,,Single Family Residential,6134 S Loomis Blvd,CHICAGO,IL,60636,95000,3,3.0,West Englewood,1300,3720,,97,73,,Active,,,http://www.redfin.com/IL/Chicago/6134-S-Loomis-Blvd-60636/home/13940012,MRED,10036806,N,Y,41.7820931,-87.6596222
MLS Listing,,Vacant Land,7107 S Merrill Ave,CHICAGO,IL,60649,94000,,,South Shore,,4791,,98,,,Active,,,http://www.redfin.com/IL/Chicago/7107-S-Merrill-Ave-60649/home/25688552,MRED,10035711,N,Y,41.765758,-87.572236
MLS Listing,,Single Family Residential,8011 S Emerald Ave,CHICAGO,IL,60620,99000,3,1.0,Auburn Gresham,900,3123,1962,98,110,,Active,,,http://www.redfin.com/IL/Chicago/8011-S-Emerald-Ave-60620/home/13227403,MRED,10035461,N,Y,41.7484584,-87.6424851
MLS Listing,,Single Family Residential,10316 S Avenue O,CHICAGO,IL,60617,89900,3,1.5,East Side,1040,3123,1962,98,86,,Active,,,http://www.redfin.com/IL/Chicago/10316-S-Avenue-O-60617/home/13039908,MRED,10035369,N,Y,41.7076816,-87.5403774
MLS Listing,,Vacant Land,222 E 79th St,CHICAGO,IL,60619,79000,,,Greater Grand Crossing,,2500,,98,,,Active,,,http://www.redfin.com/IL/Chicago/222-E-79th-St-60619/home/146436369,MRED,10034994,N,Y,41.751273,-87.618718
MLS Listing,,Townhouse,2517 E 95th Pl,CHICAGO,IL,60617,78000,2,1.0,South Deering,931,2757,1947,99,84,,Active,,,http://www.redfin.com/IL/Chicago/2517-E-95th-Pl-60617/home/13041107,MRED,10034117,N,Y,41.7214815,-87.5627784
MLS Listing,,Single Family Residential,9629 S calumet Ave,CHICAGO,IL,60628,90000,2,1.0,Roseland,3130,3628,1956,100,29,,Active,,,http://www.redfin.com/IL/Chicago/9629-S-Calumet-Ave-60628/home/13090170,MRED,10033699,N,Y,41.7191664,-87.6150318
MLS Listing,,Single Family Residential,11647 S JUSTINE St,CHICAGO,IL,60643,99900,4,2.0,West Pullman,1100,3750,1959,101,91,,Active,,,http://www.redfin.com/IL/Chicago/11647-S-Justine-St-60643/home/13065196,MRED,10032556,N,Y,41.681657,-87.6599818
MLS Listing,,Single Family Residential,10151 S Wallace St,CHICAGO,IL,60628,99900,5,2.0,Washington Heights,1820,6250,1900,102,55,,Active,,,http://www.redfin.com/IL/Chicago/10151-S-Wallace-St-60628/home/13091165,MRED,10032140,N,Y,41.7091344,-87.6377437
MLS Listing,,Single Family Residential,634 E 92nd St,CHICAGO,IL,60619,83000,4,2.0,Chatham,969,3123,1971,102,86,,Active,,,http://www.redfin.com/IL/Chicago/634-E-92nd-St-60619/home/13109721,MRED,10032018,N,Y,41.7276531,-87.6080502
MLS Listing,,Single Family Residential,2653 W 69th St,CHICAGO,IL,60629,83200,4,2.5,Chicago Lawn,1234,3267,1950,102,67,,Active,,,http://www.redfin.com/IL/Chicago/2653-W-69th-St-60629/home/13985919,MRED,10031640,N,Y,41.7680386,-87.6902962
MLS Listing,,Vacant Land,3538 W Chicago Ave,CHICAGO,IL,60651,75000,,,Humboldt Park,,3484,,102,,,Active,,,http://www.redfin.com/IL/Chicago/3538-W-Chicago-Ave-60651/home/13284204,MRED,10031135,N,Y,41.895751,-87.715459
MLS Listing,,Single Family Residential,7531 S Langley Ave,CHICAGO,IL,60619,82500,3,1.5,Greater Grand Crossing,1728,3720,1909,102,48,,Active,,,http://www.redfin.com/IL/Chicago/7531-S-Langley-Ave-60619/home/13916610,MRED,10030906,N,Y,41.7575692,-87.6075101
MLS Listing,,Single Family Residential,7731 S Avalon Ave,CHICAGO,IL,60619,79900,5,2.0,Avalon Park,1000,4725,1971,102,80,,Active,,,http://www.redfin.com/IL/Chicago/7731-S-Avalon-Ave-60619/home/13919906,MRED,10030888,N,Y,41.7541298,-87.5941016
MLS Listing,,Single Family Residential,4040 W Lexington St,CHICAGO,IL,60624,85000,4,2.0,West Garfield Park,1800,2025,1890,103,47,,Active,,,http://www.redfin.com/IL/Chicago/4040-W-Lexington-St-60624/home/13254674,MRED,10030626,N,Y,41.8719954,-87.7270707
MLS Listing,,Condo/Co-op,2860 E 76th St Unit 2B,CHICAGO,IL,60649,100000,3,2.0,South Shore,1400,,,103,71,519,Active,,,http://www.redfin.com/IL/Chicago/2860-E-76th-St-60649/unit-2B/home/114027694,MRED,10030587,N,Y,41.7594008,-87.5549975
MLS Listing,,Single Family Residential,8328 S Yates Blvd,CHICAGO,IL,60617,89900,2,1.0,South Chicago,1375,3750,1924,103,65,,Active,,,http://www.redfin.com/IL/Chicago/8328-S-Yates-Blvd-60617/home/13217760,MRED,10030208,N,Y,41.7435739,-87.5664083
MLS Listing,,Single Family Residential,5408 W Adams St,CHICAGO,IL,60644,99000,2,2.0,Austin,2252,3101,1910,103,44,,Active,,,http://www.redfin.com/IL/Chicago/5408-W-Adams-St-60644/home/13253968,MRED,10029536,N,Y,41.8786296,-87.760054
MLS Listing,,Condo/Co-op,2200 E 70th Pl Unit 1E,CHICAGO,IL,60649,85000,3,3.0,South Shore,2200,,1929,104,39,603,Active,,,http://www.redfin.com/IL/Chicago/2200-E-70th-Pl-60649/unit-1E/home/13926749,MRED,10029481,N,Y,41.7672555,-87.5712641
MLS Listing,,Vacant Land,2134 N Mcvicker Ave,CHICAGO,IL,60639,100000,,,Belmont Cragin,,3484,,104,,,Active,,,http://www.redfin.com/IL/Chicago/2134-N-McVicker-Ave-60639/home/13430776,MRED,10029245,N,Y,41.918915,-87.777106
MLS Listing,,Vacant Land,2322 N Menard Ave,CHICAGO,IL,60639,100000,,,Belmont Cragin,,3049,,104,,,Active,,,http://www.redfin.com/IL/Chicago/2322-N-Menard-Ave-60639/home/22985451,MRED,10029203,N,Y,41.922779,-87.771145
MLS Listing,,Single Family Residential,7721 S Trumbull Ave,CHICAGO,IL,60652,90000,3,2.0,Ashburn,728,5039,1948,105,124,,Active,,,http://www.redfin.com/IL/Chicago/7721-S-Trumbull-Ave-60652/home/13983057,MRED,10028186,N,Y,41.7526617,-87.7083134
MLS Listing,,Condo/Co-op,2 Le Moyne Pkwy Unit 1S,OAK PARK,IL,60302,85000,2,1.0,Oak Park,700,,1970,106,121,215,Active,,,http://www.redfin.com/IL/Oak-Park/2-Le-Moyne-Pkwy-60302/unit-1S/home/13277148,MRED,10026990,N,Y,41.9077531,-87.7757568
MLS Listing,,Multi-Family (2-4 Unit),8044 S ESCANABA Ave,CHICAGO,IL,60617,98000,6,2.0,South Chicago,,3750,1873,110,,,Active,,,http://www.redfin.com/IL/Chicago/8044-S-Escanaba-Ave-60617/home/13214415,MRED,10022836,N,Y,41.7487101,-87.554312
MLS Listing,,Single Family Residential,8737 S Marshfield Ave,CHICAGO,IL,60620,99000,3,1.5,Auburn Gresham,1400,3123,,112,71,,Active,,,http://www.redfin.com/IL/Chicago/8737-S-Marshfield-Ave-60620/home/13100551,MRED,10020252,N,Y,41.7346014,-87.6639408
MLS Listing,,Condo/Co-op,4752 W GLENLAKE Ave Unit 1W,CHICAGO,IL,60646,90000,1,1.0,Forest Glen,700,,,112,129,240,Active,,,http://www.redfin.com/IL/Chicago/4752-W-Glenlake-Ave-60646/unit-1W/home/26804044,MRED,10020240,N,Y,41.9915573,-87.7480081
MLS Listing,,Condo/Co-op,7148 W Addison St Unit 204D,CHICAGO,IL,60634,92000,1,1.0,Dunning,,,1973,112,,146,Active,,,http://www.redfin.com/IL/Chicago/7148-W-Addison-St-60634/unit-204D/home/104497091,MRED,10019008,N,Y,41.9454231,-87.8053076
MLS Listing,,Condo/Co-op,2024 W 111TH St Unit 2S,CHICAGO,IL,60643,83000,2,2.0,Morgan Park,875,,1961,113,95,338,Active,,,http://www.redfin.com/IL/Chicago/2024-W-111th-St-60643/unit-2S/home/13070617,MRED,10018555,N,Y,41.6921096,-87.6728165
MLS Listing,,Vacant Land,2503 N LOTUS Ave,Chicago,IL,60639,85000,,,Belmont Cragin,,3049,,115,,,Active,,,http://www.redfin.com/IL/Chicago/2503-N-Lotus-Ave-60639/unit-7/home/22845941,MRED,10016585,N,Y,41.926066,-87.762023
MLS Listing,,Multi-Family (2-4 Unit),10055 S Avenue N,CHICAGO,IL,60617,84900,6,2.0,East Side,,3049,1885,116,,,Active,,,http://www.redfin.com/IL/Chicago/10055-S-Ave-N-60617/home/13038298,MRED,10016422,N,Y,41.7122722,-87.5386389
MLS Listing,,Multi-Family (2-4 Unit),8312 S Burnham Ave,CHICAGO,IL,60617,95000,6,2.0,South Chicago,,3484,1926,117,,,Active,,,http://www.redfin.com/IL/Chicago/8312-S-Burnham-Ave-60617/home/13213496,MRED,10014034,N,Y,41.7441065,-87.5566774
MLS Listing,,Multi-Family (2-4 Unit),3311 W Monroe St,Chicago,IL,60624,99900,4,3.0,East Garfield Park,,4356,1897,117,,,Active,,,http://www.redfin.com/IL/Chicago/3311-W-Monroe-St-60624/home/13256643,MRED,10013916,N,Y,41.8793698,-87.7089677
MLS Listing,,Single Family Residential,8349 S Hamilton Ave,CHICAGO,IL,60620,92500,2,1.0,Auburn Gresham,950,3750,1944,118,97,,Active,,,http://www.redfin.com/IL/Chicago/8349-S-Hamilton-Ave-60620/home/13907563,MRED,10013377,N,Y,41.7414789,-87.6763067
MLS Listing,,Multi-Family (2-4 Unit),211 N Leclaire Ave,CHICAGO,IL,60644,95000,4,2.0,Austin,,2613,1895,118,,,Active,,,http://www.redfin.com/IL/Chicago/211-N-Leclaire-Ave-60644/home/13263687,MRED,10012091,N,Y,41.8848411,-87.7525178
MLS Listing,,Multi-Family (2-4 Unit),13332 S Brandon Ave,CHICAGO,IL,60633,84900,7,3.5,Hegewisch,,4356,1875,119,,,Active,,,http://www.redfin.com/IL/Chicago/13332-S-Brandon-Ave-60633/home/13030498,MRED,10010586,N,Y,41.6527078,-87.5461333
MLS Listing,,Multi-Family (2-4 Unit),11428 S St Lawrence Ave,CHICAGO,IL,60628,85000,4,2.0,Pullman,,2613,1885,121,,,Active,,,http://www.redfin.com/IL/Chicago/11428-S-St-Lawrence-Ave-60628/home/13059597,MRED,10009354,N,Y,41.6864472,-87.6085227
MLS Listing,,Condo/Co-op,1468 E 69th St #1,CHICAGO,IL,60637,87000,2,1.0,South Shore,1200,,1923,123,73,301,Active,,,http://www.redfin.com/IL/Chicago/1468-E-69th-St-60637/unit-1/home/26824473,MRED,10007792,N,Y,41.7699362,-87.588457
MLS Listing,,Single Family Residential,8358 S Phillips Ave,CHICAGO,IL,60617,92000,4,2.0,South Chicago,1814,3250,1947,125,51,,Active,,,http://www.redfin.com/IL/Chicago/8358-S-Phillips-Ave-60617/home/13213404,MRED,10005846,N,Y,41.7427705,-87.5651728
MLS Listing,,Single Family Residential,8337 S Kerfoot Ave,CHICAGO,IL,60620,91000,3,1.0,Auburn Gresham,1044,3445,1922,126,87,,Active,,,http://www.redfin.com/IL/Chicago/8337-S-Kerfoot-Ave-60620/home/13227142,MRED,10004650,N,Y,41.7425233,-87.641136
MLS Listing,,Multi-Family (2-4 Unit),5620 S Ashland Ave,CHICAGO,IL,60636,100000,4,2.5,West Englewood,,3125,,128,,,Active,,,http://www.redfin.com/IL/Chicago/5620-S-Ashland-Ave-60636/home/13938396,MRED,10003405,N,Y,41.791528,-87.6647595
MLS Listing,,Condo/Co-op,4908 N Springfield Ave Unit G,CHICAGO,IL,60625,94900,2,1.0,Albany Park,,,1919,128,,183,Active,,,http://www.redfin.com/IL/Chicago/4908-N-Springfield-Ave-60625/unit-G/home/144047187,MRED,10003187,N,Y,41.9703033,-87.7258725
MLS Listing,,Single Family Residential,8000 S Winchester Ave,CHICAGO,IL,60620,90000,4,1.5,Auburn Gresham,884,3125,1915,132,102,,Active,,,http://www.redfin.com/IL/Chicago/8000-S-Winchester-Ave-60620/home/13908566,MRED,09998140,N,Y,41.7482842,-87.6721562
MLS Listing,,Single Family Residential,10435 S CORLISS Ave,CHICAGO,IL,60628,99900,3,1.0,Pullman,1171,1968,1888,136,85,,Active,,,http://www.redfin.com/IL/Chicago/10435-S-Corliss-Ave-60628/home/13084138,MRED,09994270,N,Y,41.7046567,-87.6035752
MLS Listing,,Condo/Co-op,4700 N Monticello Ave #102,CHICAGO,IL,60625,85000,1,1.0,Albany Park,955,,1922,137,89,280,Active,,,http://www.redfin.com/IL/Chicago/4700-N-Monticello-Ave-60625/unit-102/home/26805365,MRED,09993850,N,Y,41.9666834,-87.7196452
MLS Listing,,Single Family Residential,11831 S Lawndale Ave,ALSIP,IL,60803,95000,3,1.0,Alsip/Garden Homes,1008,11482,1955,137,94,,Active,,,http://www.redfin.com/IL/Chicago/11831-S-Lawndale-Ave-60803/home/13136793,MRED,09993656,N,Y,41.677848,-87.7121109
MLS Listing,,Multi-Family (2-4 Unit),2918 W 5th Ave,CHICAGO,IL,60612,99500,5,2.0,East Garfield Park,,2178,1895,138,,,Active,,,http://www.redfin.com/IL/Chicago/2918-W-5th-Ave-60612/home/13259424,MRED,09992040,N,Y,41.880383,-87.6994982
MLS Listing,,Condo/Co-op,10300 S Pulaski Rd #210,OAK LAWN,IL,60453,79900,2,1.0,Oak Lawn,,,1970,139,,272,Active,,,http://www.redfin.com/IL/Oak-Lawn/10300-S-Pulaski-Rd-60453/unit-210/home/145718211,MRED,09990884,N,Y,41.7052059,-87.721503
MLS Listing,,Condo/Co-op,4946 N Harding Ave Unit 3W,CHICAGO,IL,60625,89900,2,1.0,Albany Park,750,,,139,120,229,Active,,,http://www.redfin.com/IL/Chicago/4946-N-Harding-Ave-60625/unit-3W/home/12590681,MRED,09990725,N,Y,41.97146,-87.727251
MLS Listing,,Vacant Land,4262 W Montrose Ave,CHICAGO,IL,60641,95000,,,Irving Park,,3500,,139,,,Active,,,http://www.redfin.com/IL/Chicago/4262-W-Montrose-Ave-60641/home/22986349,MRED,09990334,N,Y,41.961157,-87.735193
MLS Listing,,Single Family Residential,9809 S Avenue H,CHICAGO,IL,60617,79900,4,2.0,East Side,1835,3125,1910,140,44,,Active,,,http://www.redfin.com/IL/Chicago/9809-S-Avenue-H-60617/home/13039747,MRED,09989293,N,Y,41.7174805,-87.5326213
MLS Listing,,Condo/Co-op,7733 W Belmont Ave #507,ELMWOOD PARK,IL,60707,96900,1,1.0,Elmwood Park,750,,1965,143,129,255,Active,,,http://www.redfin.com/IL/Elmwood-Park/Undisclosed-address-60707/home/13540196,MRED,09987320,N,Y,41.937588,-87.820461
MLS Listing,,Condo/Co-op,10300 S Pulaski Rd #109,OAK LAWN,IL,60453,94900,2,1.5,Oak Lawn,1250,,1968,143,76,306,Active,,,http://www.redfin.com/IL/Oak-Lawn/10300-S-Pulaski-Rd-60453/unit-109/home/13149479,MRED,09987144,N,Y,41.7052059,-87.721503
MLS Listing,,Multi-Family (2-4 Unit),4832 S Bishop St,CHICAGO,IL,60609,89900,7,4.0,New City,,3049,,144,,,Active,,,http://www.redfin.com/IL/Chicago/4832-S-Bishop-St-60609/unit-1/home/13954435,MRED,09985834,N,Y,41.8058118,-87.6615805
MLS Listing,,Condo/Co-op,3838 W 111th St #209,CHICAGO,IL,60655,84800,1,1.0,Mount Greenwood,,,1971,145,,208,Active,,,http://www.redfin.com/IL/Chicago/3838-W-111th-St-60655/unit-209/home/12759547,MRED,09984622,N,Y,41.6915752,-87.7170692
MLS Listing,,Multi-Family (2-4 Unit),13239 S Baltimore Ave,CHICAGO,IL,60633,89900,4,2.0,Hegewisch,,6250,1890,145,,,Active,,,http://www.redfin.com/IL/Chicago/13239-S-Baltimore-Ave-60633/home/13032840,MRED,09984187,N,Y,41.6543576,-87.5468286
MLS Listing,,Single Family Residential,331 W 100th St,CHICAGO,IL,60628,87500,4,2.5,Roseland,1080,3125,1962,146,81,,Active,,,http://www.redfin.com/IL/Chicago/331-W-100th-St-60628/home/13091010,MRED,09983291,N,Y,41.7123238,-87.6320764
MLS Listing,,Condo/Co-op,5057 W ROSCOE St #2,CHICAGO,IL,60641,99000,1,1.0,Portage Park,,,,146,,124,Active,,,http://www.redfin.com/IL/Chicago/5057-W-Roscoe-St-60641/unit-2/home/12657338,MRED,09983261,N,Y,41.9421266,-87.7541486
MLS Listing,,Condo/Co-op,5415 N Sheridan Rd #1010,CHICAGO,IL,60640,99995,0,1.0,Edgewater,600,,1977,146,167,438,Active,,,http://www.redfin.com/IL/Chicago/5415-N-Sheridan-Rd-60640/unit-1010/home/13401117,MRED,09982814,N,Y,41.9803143,-87.6544409
MLS Listing,,Single Family Residential,10446 S Sangamon St,CHICAGO,IL,60643,97900,4,3.0,Washington Heights,1744,3920,1927,147,56,,Active,,,http://www.redfin.com/IL/Chicago/10446-S-Sangamon-St-60643/home/13074750,MRED,09981875,N,Y,41.7036389,-87.6466865
MLS Listing,,Single Family Residential,2544 E 109th St,CHICAGO,IL,60617,79500,5,3.0,South Deering,1300,3125,,152,61,,Active,,,http://www.redfin.com/IL/Chicago/2544-E-109th-St-60617/home/13083482,MRED,09975760,N,Y,41.6979377,-87.5613887
MLS Listing,,Parking,55 E Erie St Unit P-13,CHICAGO,IL,60611,80000,,,Near North Side,,,2003,154,,58,Active,,,http://www.redfin.com/IL/Chicago/55-E-Erie-St-60611/unit-P-13/home/12665712,MRED,09973196,N,Y,41.8937613,-87.6261578
MLS Listing,,Multi-Family (2-4 Unit),9016 S Escanaba Ave,CHICAGO,IL,60617,80000,3,2.5,South Chicago,,3049,1882,154,,,Active,,,http://www.redfin.com/IL/Chicago/9016-S-Escanaba-Ave-60617/home/13043017,MRED,09973035,N,Y,41.7313463,-87.5543216
MLS Listing,,Condo/Co-op,1715 W Estes Ave Unit 3S,CHICAGO,IL,60626,90000,1,1.0,Rogers Park,750,,1950,154,120,220,Active,,,http://www.redfin.com/IL/Chicago/1715-W-Estes-Ave-60626/unit-3S/home/26802818,MRED,09972497,N,Y,42.011093,-87.672822
MLS Listing,,Condo/Co-op,6300 N Sheridan Rd #303,CHICAGO,IL,60660,85000,1,1.0,Edgewater,680,,1962,155,125,350,Active,,,http://www.redfin.com/IL/Chicago/6300-N-Sheridan-Rd-60660/unit-303/home/13413969,MRED,09971874,N,Y,41.9969147,-87.656007
MLS Listing,,Vacant Land,1501 N Springfield Ave,CHICAGO,IL,60651,99000,,,Humboldt Park,,,,156,,,Active,,,http://www.redfin.com/IL/Chicago/1501-N-Springfield-Ave-60651/home/13287730,MRED,09971621,N,Y,41.9082291,-87.7237456
MLS Listing,,Single Family Residential,3118 E 130th St,CHICAGO,IL,60633,84900,3,2.0,Hegewisch,1032,3998,1964,157,82,,Active,,,http://www.redfin.com/IL/Chicago/3118-E-130th-St-60633/home/13032020,MRED,09970009,N,Y,41.659419,-87.547542
MLS Listing,,Single Family Residential,7145 S Carpenter St,CHICAGO,IL,60621,96900,5,2.0,Englewood,1086,3123,1909,157,89,,Active,,,http://www.redfin.com/IL/Chicago/7145-S-Carpenter-St-60621/unit-1/home/13914609,MRED,09969618,N,Y,41.7637559,-87.6500927
